magnitude,date,cdi,mmi,alert,tsunami,sig,net,nst,dmin,gap,magType,depth,latitude,longitude,location,continent,country
6.5,2023-08-16,7,4,green,0,657,us,114,7.177,25,mww,192.955,-13.8814,167.158,"Sola, Vanuatu",,Vanuatu
6.5,2023-07-19,8,6,yellow,0,775,us,92,0.679,40,mww,69.727,12.814,-88.1265,"Intipucá, El Salvador",,
6.6,2023-07-17,7,5,green,0,899,us,70,1.634,28,mww,171.371,-38.1911,-70.3731,"Loncopué, Argentina",South America,Argentina
7.2,2023-07-16,6,6,green,1,860,us,173,0.907,36,mww,32.571,54.3844,-160.699,"Sand Point, Alaska",,
7.3,2023-07-16,0,5,,1,820,at,79,0.879451,172.8,Mi,21,54.49,-160.796,Alaska Peninsula,,
6.6,2023-07-10,5,4,green,1,802,us,95,2.454,37,mww,10,20.0196,-61.0955,"Codrington, Antigua and Barbuda",,
6.9,2023-07-02,4,4,green,1,741,us,136,1.179,23,mww,229,-17.853,-174.937,Tonga,,
7.2,2023-06-15,8,6,green,1,804,us,85,2.59,24,mww,167.404,-22.9824,-177.208,the Fiji Islands,,
6.6,2023-05-25,6,6,green,1,733,us,50,2.163,129,mww,10,8.8894,-77.1231,Panama-Colombia border region,,Colombia
7.1,2023-05-20,3,4,green,1,777,us,98,2.812,56,mww,35.981,-23.0622,170.456,the Loyalty Islands,,
7.7,2023-05-19,5,4,green,1,927,us,277,3.111,15,mww,18.027,-23.2286,170.694,the Loyalty Islands,,
7.6,2023-05-10,8,6,green,1,907,us,111,3.631,17,mww,210.097,-15.6002,-174.608,"Hihifo, Tonga",,
6.6,2023-04-28,0,2,green,0,670,us,52,5.123,50,mww,598.467,-25.2657,178.424,the Fiji Islands,,
7.1,2023-04-24,9,7,green,0,838,us,70,2.282,58,mww,15.462,-0.781,98.5339,"Teluk Dalam, Indonesia",,Indonesia
7.1,2023-04-24,8,7,green,1,777,us,126,0.708,23,mww,43.063,-30.0249,-177.897,"Kermadec Islands, New Zealand",,
6.7,2023-04-18,0,3,green,1,691,us,166,4.719,10,mww,595.854,-22.2844,179.391,the Fiji Islands,,
7,2023-04-14,5,3,green,0,818,us,131,1.881,31,mww,594.028,-6.0255,112.033,"Tuban, Indonesia",,Indonesia
6.5,2023-04-03,7,6,yellow,1,655,us,104,0.266,30,mww,105.631,52.7772,158.484,"the Kamchatka Peninsula, Russia",Asia,Russian Federation (the)
7,2023-04-02,7,7,green,1,781,us,105,6.45,31,mww,62.603,-4.2924,143.155,"New Guinea, Papua New Guinea",Asia,Papua New Guinea
6.5,2023-03-22,4,4,green,0,656,us,97,1.622,33,mww,209.976,-23.4797,-66.5108,"San Antonio de los Cobres, Argentina",South America,Argentina
6.5,2023-03-21,7,5,green,0,1350,us,134,2.53,13,mww,187.589,36.5227,70.9787,"Jurm, Afghanistan",Asia,Afghanistan
6.8,2023-03-18,9,7,orange,1,1159,us,152,0.709,28,mww,65.842,-2.851,-79.8001,Ecuador,South America,Ecuador
7,2023-03-16,8,5,green,1,756,us,116,1.789,22,mww,22.065,-30.1147,-176.112,Kermadec Islands region,,
6.9,2023-03-04,5,5,green,1,735,us,108,0.784,18,mww,205.681,-29.4748,-178.787,"Kermadec Islands, New Zealand",,
6.5,2023-03-02,7,6,green,1,653,us,66,5.483,45,mww,10,-15.3597,166.385,"Port-Olry, Vanuatu",,
6.5,2023-03-01,4,2,green,1,652,us,115,2.739,20,mww,598.925,-4.8138,149.487,"Kimbe, Papua New Guinea",,Papua New Guinea
6.8,2023-02-23,9,7,green,0,737,us,128,1.783,20,mww,20.522,38.0726,73.2077,"Murghob, Tajikistan",Asia,Tajikistan
7.5,2023-02-06,9,9,orange,0,1411,us,135,0.85,17,mww,10,38.0235,37.203,"Ekinözü, Turkey",Asia,Turkiye
6.7,2023-02-06,9,8,yellow,0,800,us,108,0.218,44,mww,14.497,37.4135,36.8306,"Nurdağı, Turkey",Asia,Turkiye
7.8,2023-02-06,9,9,red,0,2910,us,118,1.919,32,mww,17.925,37.2012,36.9997,Central Turkey,Asia,Turkiye
6.8,2023-01-20,4,3,green,0,718,us,60,5.129,61,mww,610.671,-26.7209,-63.0394,,South America,Argentina
7,2023-01-18,3,5,green,1,756,us,130,1.974,17,mwc,28.566,2.7401,127.051,"Tobelo, Indonesia",,Indonesia
7.6,2023-01-09,5,7,green,0,957,us,114,1.575,21,mww,105.249,-7.0852,130.039,"Pulau Pulau Tanimbar, Indonesia",,Indonesia
7,2023-01-08,8,7,green,1,768,us,116,6.096,36,mww,29,-14.9383,166.878,Vanuatu,,Vanuatu
6.8,2022-12-04,5,5,green,1,720,us,152,2.587,26,mww,38,-15.3983,-172.968,"Hihifo, Tonga",,
7,2022-11-22,8,7,green,1,768,us,117,0.509,17,mww,14,-9.7963,159.596,"Malango, Solomon Islands",Oceania,Solomon Islands
6.9,2022-11-18,4,4,green,0,735,us,99,2.229,34,mww,25,-4.9559,100.738,"Bengkulu, Indonesia",,
7,2022-11-12,3,3,green,1,755,us,147,3.125,18,mww,579,-20.0508,-178.346,,Oceania,Fiji
7.3,2022-11-11,5,5,green,1,833,us,149,1.865,21,mww,37,-19.2918,-172.129,"Neiafu, Tonga",,
6.6,2022-11-09,0,2,green,1,670,us,131,4.998,27,mww,624.464,-25.5948,178.278,,,
7,2022-11-09,4,3,green,1,755,us,142,4.578,26,mwb,660,-26.0442,178.381,the Fiji Islands,,
6.8,2022-11-09,1,3,green,1,711,us,136,4.678,22,mww,630.379,-25.9678,178.363,the Fiji Islands,,
6.7,2022-10-20,7,6,green,1,797,us,145,1.151,37,mww,20,7.6712,-82.3396,"Boca Chica, Panama",,Panama
6.8,2022-09-22,8,7,yellow,1,1179,us,175,2.137,92,mww,20,18.33,-102.913,"Aguililla, Mexico",North America,Mexico
7.6,2022-09-19,9,8,yellow,1,1799,us,271,1.153,69,mww,26.943,18.3667,-103.252,"Aguililla, Mexico",North America,Mexico
6.9,2022-09-18,9,9,yellow,1,887,us,215,0.401,34,mww,10,23.1444,121.307,"Yujing, Taiwan",Asia,Taiwan
6.5,2022-09-17,7,7,green,1,756,us,178,0.43,54,mww,10,23.029,121.348,"Lugu, Taiwan",Asia,Taiwan
7,2022-09-14,7,5,green,1,761,us,192,2.977,45,mww,137,-21.2077,170.239,"Isangel, Vanuatu",,
7.6,2022-09-10,8,8,yellow,1,965,us,272,3.158,12,mww,116,-6.2237,146.471,"Kainantu, Papua New Guinea",Oceania,Papua New Guinea
6.6,2022-09-05,9,8,orange,0,1043,us,141,8.454,34,mww,12,29.7263,102.279,"Kangding, China",Asia,People's Republic of China
6.6,2022-08-14,7,6,green,1,672,us,68,5.293,34,mww,30,-32.6922,-178.959,the Kermadec Islands,,
7,2022-07-27,9,8,yellow,1,1351,us,152,5.276,22,mww,33.729,17.5978,120.809,"Bantay, Philippines",Asia,Philippines
6.5,2022-06-08,3,2,green,0,653,us,236,1.999,31,mww,622.73,-9.0618,-71.1647,"Tarauacá, Brazil",South America,Brazil
7.2,2022-05-26,7,5,green,1,876,us,144,2.494,40,mww,236,-14.8628,-70.3081,"Azángaro, Peru",South America,Peru
6.9,2022-05-19,2,5,green,1,733,us,127,0.371,45,mww,10,-54.1325,159.027,,,
6.8,2022-05-10,6,5,green,1,762,us,162,1.505,30,mww,220,-23.6141,-66.7236,"San Antonio de los Cobres, Argentina",South America,Argentina
6.6,2022-04-21,6,5,green,1,762,us,0,0.914,94,mww,27,11.5538,-86.9919,"Masachapa, Nicaragua",,
7,2022-03-31,6,4,green,1,763,us,0,2.705,26,mww,10,-22.5732,170.349,the Loyalty Islands,,
6.9,2022-03-30,6,4,green,1,738,us,0,2.697,42,mww,10,-22.72,170.277,"Tadine, New Caledonia",,
6.7,2022-03-22,8,7,green,1,806,us,0,0.289,32,mww,24,23.3421,121.636,"Hualien City, Taiwan",Asia,Taiwan
7.3,2022-03-16,9,8,red,1,2397,us,0,2.936,29,mww,41,37.7015,141.587,"Namie, Japan",,
6.7,2022-03-13,9,6,green,0,708,us,0,2.188,43,mww,28,-0.6831,98.6034,"Pariaman, Indonesia",Asia,Indonesia
6.6,2022-03-02,2,7,green,1,670,us,0,0.827,46,mww,24,-30.0528,-177.74,"Kermadec Islands, New Zealand",,
6.8,2022-02-16,2,3,green,1,712,us,0,5.78,12,mww,535,-23.7852,-179.968,the Fiji Islands,,
6.5,2022-02-03,8,6,green,0,690,us,0,3.026,22,mww,110,-4.455,-76.9395,"Barranca, Peru",South America,Peru
6.5,2022-01-29,7,4,green,1,651,us,0,1.088,57,mww,8,-29.535,-176.729,Kermadec Islands region,,
6.6,2022-01-14,8,6,green,0,785,us,0,2.418,22,mww,33,-6.9291,105.251,"Labuan, Indonesia",,Indonesia
6.5,2022-01-11,0,3,,1,650,at,97,1.61607,108,Mi,37,52.502,-168.08,"Nikolski, Alaska",,
6.5,2022-01-11,0,3,,1,650,pt,23,0,208.8,Mi,37,52.502,-168.08,"Nikolski, Alaska",,
6.6,2022-01-11,8,5,green,1,674,us,0,0.507,49,mww,19,52.6252,-168.15,"Nikolski, Alaska",,
6.7,2022-01-11,0,4,,1,691,at,50,0.936943,126,Mi,33,52.48,-167.736,"Nikolski, Alaska",,
6.7,2022-01-11,0,4,,1,691,pt,20,0,205.2,Mi,33,52.48,-167.736,"Nikolski, Alaska",,
6.8,2022-01-11,7,6,green,1,730,us,0,0.92,61,mww,20,52.6563,-167.917,"Nikolski, Alaska",,
6.6,2022-01-11,6,6,green,0,976,us,0,1.168,21,mww,21,35.1456,31.9095,"Pólis, Cyprus",Asia,
6.6,2022-01-07,9,8,orange,0,1012,us,0,2.685,13,mww,13,37.8167,101.299,"northern Qinghai, China",Asia,People's Republic of China
7.3,2021-12-29,8,7,green,0,921,us,0,3.713,19,mww,165.49,-7.5924,127.581,"Lospalos, Timor Leste",,Indonesia
7.3,2021-12-14,9,5,green,1,854,us,0,1.025,32,mww,14.27,-7.6033,122.2,Flores Sea,Asia,Indonesia
7.5,2021-11-28,8,8,yellow,1,1094,us,0,4.951,40,mww,126,-4.4898,-76.8461,"Barranca, Peru",South America,Peru
6.6,2021-11-10,7,4,green,1,688,us,0,3.259,15,mww,12,23.5414,126.48,"Hirara, Japan",,
6.9,2021-10-11,8,6,green,1,995,ak,0,0,0,mww,51.6,56.2581,-156.492,"Chignik, Alaska",North America,United States of America
6.9,2021-10-09,4,3,green,1,740,us,0,4.778,31,mww,535,-21.1704,174.54,Vanuatu region,,
7.3,2021-10-02,4,4,green,1,826,us,0,4.493,32,mww,527,-21.1036,174.895,Vanuatu region,,
6.5,2021-09-22,7,5,green,1,684,us,0,0.993,114,mww,21,12.1598,-87.8542,"Jiquilillo, Nicaragua",,
7,2021-09-08,8,8,red,1,2504,us,0,0.07,43,mww,20,16.9502,-99.7877,"Acapulco, Mexico",North America,Mexico
7.1,2021-08-22,1,4,green,1,776,us,0,9.799,32,mww,6,-60.3026,-24.9992,South Sandwich Islands region,,Antarctica
6.6,2021-08-22,1,3,green,1,670,us,0,8.865,19,mww,7,-60.1023,-24.4608,South Sandwich Islands region,,Antarctica
6.9,2021-08-18,8,7,green,1,741,us,0,0.579,54,mww,93,-14.892,167.085,"Port-Olry, Vanuatu",Oceania,Vanuatu
6.9,2021-08-16,6,4,green,1,734,us,0,8.363,48,mww,16.7,-58.3814,-23.3318,South Sandwich Islands region,,
7.2,2021-08-14,9,8,red,1,2331,us,0,1.178,23,mww,10,18.3521,-73.4804,"Nippes, Haiti",North America,Haiti
6.9,2021-08-14,5,4,green,1,738,ak,0,0,0,mww,33.3,55.2364,-157.707,"Perryville, Alaska",,
6.9,2021-08-14,5,4,green,1,738,us,0,1.173,36,mww,20.74,55.2657,-157.68,"Perryville, Alaska",,
8.1,2021-08-12,0,7,green,0,1009,us,0,7.463,78,mww,22.79,-58.4157,-25.3206,South Sandwich Islands region,,
7.5,2021-08-12,9,6,green,1,868,us,0,7.227,38,mww,47.23,-57.5959,-25.1874,South Sandwich Islands region,,
7.1,2021-08-11,9,7,green,1,846,us,0,1.273,25,mww,55.14,6.4547,126.742,"Pondaguitan, Philippines",,
8.2,2021-07-29,8,6,green,1,1237,us,0,0.875,66,mww,46.66,55.4742,-157.917,"Perryville, Alaska",,
8.2,2021-07-29,8,7,yellow,1,1252,ak,0,0,0,mww,35,55.3154,-157.829,"Perryville, Alaska",,
6.7,2021-07-23,8,5,green,1,935,us,0,8.139,12,mww,110,13.6989,120.713,"Hukay, Philippines",Asia,Philippines
6.7,2021-07-21,6,6,green,1,830,us,0,1.395,61,mww,10,7.5904,-82.8813,"Burica, Panama",,
6.5,2021-06-20,0,4,green,1,650,us,0,7.994,24,mww,25,-30.2144,-177.773,"Kermadec Islands, New Zealand",,
6.5,2021-05-21,5,7,green,1,652,us,0,4.518,44,mww,10,-16.4796,-177.356,"Alo, Wallis and Futuna",,
7.3,2021-05-21,9,9,orange,0,1025,us,0,4.655,9,mww,10,34.5861,98.2551,"Southern Qinghai, China",Asia,People's Republic of China
6.7,2021-05-14,8,4,green,0,698,us,0,1.487,37,mww,11,0.1684,96.6475,"Sinabang, Indonesia",,
6.7,2021-05-12,9,3,green,0,694,us,0,10.669,45,mww,10,-17.2495,66.3745,Mauritius - Reunion region,,
6.9,2021-05-01,7,6,green,1,919,us,0,2.619,35,mww,43,38.2296,141.665,,Asia,Japan
6.5,2021-04-25,4,4,green,0,651,us,0,5.931,20,mww,246,-21.6857,-177.064,"Haveluloto, Tonga",,
6.5,2021-04-24,6,4,green,0,652,us,0,10.405,19,mww,301,-18.9204,-176.235,"Pangai, Tonga",,
7,2021-03-20,7,7,yellow,1,1052,us,0,2.378,35,mww,43,38.4752,141.607,"Ishinomaki, Japan",Asia,Japan
6.6,2021-03-16,5,5,green,1,672,us,0,3.183,18,mww,13.23,54.7018,163.208,"Ust’-Kamchatsk Staryy, Russia",,
6.5,2021-03-04,0,4,green,0,650,us,0,11.764,25,mwb,24,-28.4792,-176.619,Kermadec Islands region,,
8.1,2021-03-04,9,8,green,1,1021,us,0,0.739,21,mww,28.93,-29.7466,-177.224,"Kermadec Islands, New Zealand",,
7.4,2021-03-04,3,7,green,1,843,us,0,0.437,30,mww,43,-29.6131,-177.842,"Kermadec Islands, New Zealand",,
7.3,2021-03-04,7,6,green,1,932,us,0,0.918,24,mww,10,-37.596,179.544,"Gisborne, New Zealand",,
7.1,2021-02-13,9,8,orange,1,1612,us,0,3.085,11,mww,43.98,37.6856,141.992,"Namie, Japan",,
7.7,2021-02-10,9,4,green,1,918,us,0,7.989,15,mww,10,-23.2787,171.489,the Loyalty Islands,,
6.9,2021-01-23,9,5,green,1,739,us,0,1.55,16,mww,15,-61.8484,-55.559,South Shetland Islands,,Antarctica
7,2021-01-21,7,5,green,1,802,us,0,2.821,15,mww,80,5.0074,127.517,"Pondaguitan, Philippines",,
6.7,2021-01-11,8,8,green,0,776,us,0,2.043,22,mww,10,51.2407,100.443,"Turt, Mongolia",Asia,Mongolia
6.7,2020-12-27,5,5,green,1,776,us,0,1.319,19,mww,10,-39.3264,-74.9067,"Corral, Chile",,
7,2020-10-30,8,7,orange,0,1527,us,0,1.518,18,mww,21,37.8973,26.7953,"Néon Karlovásion, Greece",Europe,Greece
7.6,2020-10-19,9,7,yellow,1,1165,us,0,0.23,36,mww,28.37,54.662,-159.675,"Sand Point, Alaska",North America,United States of America
6.9,2020-09-18,0,3,green,1,732,us,0,11.255,16,mww,10,0.9604,-26.8332,central Mid-Atlantic Ridge,,
6.5,2020-09-01,6,6,green,0,674,us,0,0.388,49,mww,16,-27.9285,-71.3937,"Vallenar, Chile",,
6.8,2020-09-01,6,7,green,1,824,us,0,0.312,69,mww,21,-28.013,-71.1958,"Vallenar, Chile",,Chile
6.5,2020-08-30,4,5,green,0,651,us,0,15.394,31,mww,10,0.8696,-29.7046,central Mid-Atlantic Ridge,,
6.9,2020-08-21,4,3,green,0,749,us,0,2.267,20,mww,624,-6.6704,123.493,"Katabu, Indonesia",,Indonesia
6.9,2020-08-18,4,4,green,0,735,us,0,1.716,25,mww,26,-4.2791,101.215,"Bengkulu, Indonesia",,Indonesia
6.8,2020-08-18,5,4,green,0,716,us,0,1.816,34,mww,22,-4.3724,101.095,"Bengkulu, Indonesia",,Indonesia
6.6,2020-08-18,9,8,yellow,1,784,us,0,5.128,14,mww,10,12.0065,124.13,"San Pedro, Philippines",,Philippines
7.8,2020-07-22,9,7,green,1,1111,us,0,0.621,60,mww,28,55.1079,-158.477,"Perryville, Alaska",,
7,2020-07-17,6,7,green,1,820,us,0,1.671,18,mww,73,-7.847,147.755,"Popondetta, Papua New Guinea",,Papua New Guinea
6.6,2020-07-06,4,2,green,0,684,us,0,1.458,14,mww,533.76,-5.6368,110.678,"Batang, Indonesia",,Indonesia
7.4,2020-06-23,8,8,orange,1,1494,us,0,0.151,30,mww,20,15.9163,-95.9533,"Santa María Xadani, Mexico",North America,Mexico
7.4,2020-06-18,7,7,green,1,873,us,0,4.035,23,mww,10,-33.2938,-177.838,the Kermadec Islands,,
6.6,2020-06-13,5,4,green,1,734,us,0,2.015,18,mww,165,28.9386,128.262,"Naze, Japan",,
6.8,2020-06-03,6,6,green,1,835,us,0,1.164,21,mww,112,-23.2966,-68.4204,"San Pedro de Atacama, Chile",South America,Chile
6.5,2020-05-15,7,8,green,0,1320,nn,27,0.357,55.79,ml,2.7,38.1689,-117.85,"Monte Cristo Range, NV Earthquake",North America,United States of America
6.6,2020-05-12,4,6,green,1,671,us,0,3.403,12,mww,107,-12.0662,166.648,"Lata, Solomon Islands",,
6.8,2020-05-06,4,6,green,0,738,us,0,1.921,16,mww,96,-6.7762,129.785,Banda Sea,,Indonesia
6.5,2020-05-02,7,6,green,0,678,us,0,1.293,19,mww,10,34.1818,25.7101,"Néa Anatolí, Greece",,
6.5,2020-03-31,8,8,green,0,1410,us,0,0.885,31,mww,12.06,44.4646,-115.118,"Stanley, Idaho",North America,United States of America
7.5,2020-03-25,6,5,green,1,879,us,0,4.109,12,mww,57.8,48.9638,157.695,"Severo-Kuril’sk, Russia",,
7,2020-02-13,5,6,yellow,1,770,us,0,4.501,25,mww,143,45.6161,148.959,"Kuril’sk, Russia",Asia,Russia
7.7,2020-01-28,9,6,yellow,1,1812,us,0,1.657,26,mww,14.86,19.4193,-78.756,"Lucea, Jamaica",,
6.7,2020-01-24,8,9,orange,0,1247,us,0,0.87,49,mww,10,38.4312,39.0609,"Doganayol, Turkey",Asia,Turkey
6.8,2019-12-15,9,7,yellow,1,825,us,0,0.546,39,mww,18,6.6969,125.174,"Magsaysay, Philippines",,Philippines
7.1,2019-11-14,6,6,green,1,799,us,0,1.271,11,mww,33,1.6213,126.416,"Bitung, Indonesia",,Indonesia
6.5,2019-11-08,0,2,green,0,650,us,0,4.765,25,mww,577,-21.9449,-179.511,"Ndoi Island, Fiji",,
6.6,2019-11-04,4,4,green,1,673,us,0,5.086,48,mww,10,-18.5747,-175.272,"Neiafu, Tonga",,
6.5,2019-10-31,9,7,green,1,733,us,0,0.428,19,mww,10,6.9098,125.178,"Kisante, Philippines",,Philippines
6.6,2019-10-29,9,7,yellow,1,780,us,0,0.646,24,mww,15,6.7567,125.008,"Columbio, Philippines",,Philippines
6.7,2019-09-29,7,6,green,1,844,us,0,1.269,98,mww,11,-35.4758,-73.163,"Constitución, Chile",,
6.5,2019-09-25,7,7,yellow,1,656,us,0,3.909,15,mww,12.26,-3.4528,128.37,"Kairatu, Indonesia",,Indonesia
6.6,2019-09-01,2,3,,1,671,us,0,4.121,19,mww,591,-20.3641,-178.57,"Ndoi Island, Fiji",,Fiji
6.6,2019-08-27,0,4,green,1,670,us,0,12.896,19,mww,16,-60.2152,-26.5801,"Bristol Island, South Sandwich Islands",,United Kingdom of Great Britain and Northern Ireland (the)
6.9,2019-08-02,4,6,green,0,875,us,0,2.839,23,mww,49,-7.2822,104.791,"Labuan, Indonesia",,
6.8,2019-08-01,6,6,green,1,947,us,0,0.817,35,mww,25,-34.2364,-72.3102,"San Antonio, Chile",,
6.6,2019-07-31,0,4,green,1,670,us,0,6.024,30,mww,181,-16.1985,167.998,"Lakatoro, Vanuatu",,Vanuatu
7.2,2019-07-14,7,7,green,1,809,us,0,1.504,38,mww,18.98,-0.5858,128.034,"Laiwui, Indonesia",,Indonesia
6.6,2019-07-14,5,5,green,0,791,us,0,2.978,32,mww,10,-18.2242,120.358,"Broome, Australia",,
6.9,2019-07-07,7,5,green,0,747,us,0,1.205,21,mww,35,0.5126,126.189,"Kota Ternate, Indonesia",,Indonesia
7.1,2019-07-06,9,9,yellow,0,1646,ci,77,0.04616,43,mw,8,35.7695,-117.599,"Searles Valley, CA",North America,United States of America
7.3,2019-06-24,4,6,green,1,952,us,0,2.629,16,mww,212,-6.4078,129.169,"Saumlaki, Indonesia",,Indonesia
7.3,2019-06-15,8,6,green,1,830,us,0,1.402,11,mww,46,-30.6441,-178.1,"L'Esperance Rock, New Zealand",,
6.6,2019-05-30,7,6,yellow,1,886,us,0,1.193,22,mww,57.92,13.1994,-89.3056,"La Libertad, El Salvador",,
8,2019-05-26,9,8,orange,1,1890,us,0,3.18,17,mww,122.57,-5.8119,-75.2697,"Navarro, Peru",South America,Peru
7.6,2019-05-14,7,7,green,1,929,us,0,0.453,16,mww,10,-4.051,152.597,"Namatanai, Papua New Guinea",,Papua New Guinea
7.1,2019-05-06,7,6,yellow,1,826,us,0,2.514,16,mww,146,-6.9746,146.449,"Bulolo, Papua New Guinea",,Papua New Guinea
6.8,2019-04-12,5,6,green,1,717,us,0,0.791,28,mww,15.46,-1.8146,122.58,"Luwuk, Indonesia",,Indonesia
6.5,2019-04-09,0,5,green,1,650,us,0,7.568,18,mww,38,-58.6262,-25.304,"Bristol Island, South Sandwich Islands",,
7,2019-03-01,7,4,green,1,869,us,0,2.501,42,mww,267,-14.7131,-70.1546,"Azángaro, Peru",South America,Peru
7.5,2019-02-22,7,7,yellow,1,1145,us,0,2.045,15,mww,145,-2.1862,-77.0505,"Palora, Ecuador",South America,Ecuador
6.7,2019-02-01,6,6,yellow,1,909,us,0,0.289,43,mww,66,14.6802,-92.4527,"Puerto Madero, Mexico",,Mexico
6.7,2019-01-22,0,3,green,0,691,us,0,7.527,17,mww,13,-43.1219,42.3568,Prince Edward Islands region,,
6.7,2019-01-20,8,8,orange,1,1600,us,0,0.173,22,mww,63,-30.0404,-71.3815,"Coquimbo, Chile",South America,Chile
6.6,2019-01-15,5,4,green,1,671,us,0,7.818,18,mww,35,-13.336,166.875,"Sola, Vanuatu",,Vanuatu
6.6,2019-01-06,2,4,green,1,672,us,0,1.596,33,mww,43.21,2.258,126.758,Molucca Sea,,Indonesia
6.8,2019-01-05,3,3,green,0,715,us,0,1.181,16,mww,570.41,-8.144,-71.587,"Tarauaca, Brazil",South America,Brazil
7,2018-12-29,5,5,green,1,803,us,0,1.769,21,mww,60.21,5.8983,126.921,"Pondaguitan, Philippines",,
7.3,2018-12-20,3,7,green,1,822,us,0,4.126,23,mww,16.56,55.0999,164.699,"Ust’-Kamchatsk Staryy, Russia",,
7.1,2018-12-11,0,5,green,1,776,us,0,7.043,20,mww,133,-58.5446,-26.3856,South Sandwich Islands region,,South Georgia and the South Sandwich Islands
6.6,2018-12-05,0,4,green,1,670,us,0,2.679,31,mww,10,-22.0629,169.733,"Tadine, New Caledonia",,
7.5,2018-12-05,3,6,green,1,871,us,0,2.405,18,mww,10,-21.9496,169.427,"Tadine, New Caledonia",,
7.1,2018-11-30,8,8,orange,1,1790,ak,0,0,0,mw,46.7,61.3464,-149.955,"Point MacKenzie, Alaska",North America,United States of America
6.8,2018-11-18,0,3,green,1,711,us,0,2.879,39,mww,540,-17.8735,-178.927,"Levuka, Fiji",,Fiji
6.7,2018-11-09,3,4,green,1,693,us,0,7.853,19,mww,10,71.6312,-11.2431,"Olonkinbyen, Svalbard and Jan Mayen",,
6.8,2018-10-25,8,7,yellow,0,954,us,0,2.268,15,mww,14,37.5203,20.5565,"Lithakiá, Greece",Europe,
6.5,2018-10-22,2,4,green,0,655,us,0,1.692,68,mww,10,49.297,-129.724,"Port McNeill, Canada",,
6.8,2018-10-22,4,4,green,1,776,us,0,1.505,36,mww,10,49.3346,-129.289,"Port McNeill, Canada",,
6.5,2018-10-22,3,4,green,1,669,us,0,1.611,63,mww,10,49.2586,-129.412,"Port McNeill, Canada",,
6.5,2018-10-16,0,4,green,1,650,us,0,2.109,22,mww,17,-21.7427,169.522,"Tadine, New Caledonia",,
6.7,2018-10-13,0,3,green,1,691,us,0,2.705,17,mww,461,52.8549,153.243,"Ozernovskiy, Russia",,
6.5,2018-10-10,0,4,green,1,650,us,0,3.923,14,mww,20,49.2902,156.297,"Severo-Kuril’sk, Russia",,
7,2018-10-10,6,6,green,1,758,us,0,1.778,18,mww,39,-5.7012,151.205,"Kimbe, Papua New Guinea",,Papua New Guinea
6.7,2018-09-30,2,3,green,1,691,us,0,3.745,23,mww,550,-18.3604,-178.063,"Levuka, Fiji",,Fiji
7.5,2018-09-28,8,8,red,0,2026,us,0,1.649,13,mww,20,-0.2559,119.846,"Palu, Indonesia",,Indonesia
6.5,2018-09-16,4,1,green,0,651,us,0,5.139,18,mww,576,-25.415,178.199,the Fiji Islands,,
6.9,2018-09-10,3,4,green,0,735,us,0,2.785,18,mww,115,-31.7447,-179.373,Kermadec Islands region,,
6.5,2018-09-09,3,6,green,1,651,us,0,1.638,25,mww,68,-10.0207,161.503,"Kirakira, Solomon Islands",,Solomon Islands
7.9,2018-09-06,7,4,green,1,979,us,0,1.431,12,mww,670.81,-18.4743,179.35,"Levuka, Fiji",,Fiji
6.6,2018-09-05,8,9,orange,1,1075,us,0,1.13,32,mww,35,42.6861,141.929,"Chitose, Japan",Asia,Japan
7.1,2018-08-29,2,5,green,1,776,us,0,2.548,23,mww,21.43,-22.0295,170.126,"Tadine, New Caledonia",,
7.1,2018-08-24,0,3,green,0,776,us,0,3.77,12,mww,630,-11.0355,-70.8284,"Iñapari, Peru",South America,Peru
6.5,2018-08-21,6,7,green,1,652,us,0,4.797,10,mww,9,-16.0315,168.143,"Lakatoro, Vanuatu",,Vanuatu
7.3,2018-08-21,8,6,yellow,1,1570,us,0,1.822,15,mww,146.82,10.7731,-62.9019,"Carúpano, Venezuela",,Venezuela
6.9,2018-08-19,7,7,green,0,1206,us,0,2.453,31,mww,21,-8.319,116.627,"Labuan Lombok, Indonesia",,Indonesia
8.2,2018-08-19,5,4,green,1,1050,us,0,3.63,13,mww,600,-18.1125,-178.153,"Levuka, Fiji",,Fiji
6.5,2018-08-17,5,3,green,0,743,us,0,2.719,23,mww,529,-7.3718,119.802,"Labuan Bajo, Indonesia",,Indonesia
6.5,2018-08-15,6,6,green,1,655,us,0,0.576,22,mww,33.93,51.4234,-178.026,"Adak, Alaska",North America,United States of America
6.9,2018-08-05,9,8,orange,0,1704,us,0,2.271,15,mww,34,-8.2581,116.438,"Labuan Lombok, Indonesia",,Indonesia
6.9,2018-05-04,7,8,yellow,1,1392,hv,63,0.11,210,mw,5.81,19.3182,-155,"Leilani Estates, Hawaii",,United States of America
6.8,2018-04-02,5,3,green,0,733,us,0,5.32,16,mww,559,-20.6588,-63.0058,"Boyuibe, Bolivia",South America,Bolivia
6.9,2018-03-29,9,6,green,1,741,us,0,1.487,18,mww,35,-5.5321,151.5,"Kimbe, Papua New Guinea",,Papua New Guinea
6.7,2018-03-26,5,6,green,1,696,us,0,1.507,15,mww,40,-5.5024,151.402,"Kimbe, Papua New Guinea",,Papua New Guinea
6.8,2018-03-08,6,6,green,1,719,us,0,1.049,16,mww,22.86,-4.3762,153.2,"Kokopo, Papua New Guinea",,Papua New Guinea
6.7,2018-03-06,8,7,green,1,697,us,0,5.457,19,mww,20.49,-6.3043,142.612,"Tari, Papua New Guinea",,Papua New Guinea
7.5,2018-02-25,9,8,yellow,1,943,us,0,5.48,17,mww,25.21,-6.0699,142.754,"Tari, Papua New Guinea",,Papua New Guinea
7.2,2018-02-16,7,7,yellow,1,1384,us,0,0.142,82,mww,22,16.3855,-97.9787,"Pinotepa de Don Luis, Mexico",North America,Mexico
7.9,2018-01-23,9,4,green,1,1870,us,0,2.585,30,mww,14.06,56.0039,-149.166,"Chiniak, Alaska",,
7.1,2018-01-14,9,7,green,1,1075,us,0,4.29,23,mww,39,-15.7675,-74.7092,"Atiquipa, Peru",,Peru
7.5,2018-01-10,8,5,green,1,1623,us,0,4.581,12,mww,19,17.4825,-83.52,"Barra Patuca, Honduras",,
6.5,2017-12-15,8,7,green,0,998,us,0,2.365,28,mww,90,-7.4921,108.174,"Kawalu, Indonesia",,Indonesia
6.5,2017-12-13,1,5,green,1,651,us,0,17.654,23,mww,17,-54.2189,2.1628,Bouvet Island region,,
7,2017-11-19,4,6,green,1,771,us,0,0.617,14,mww,10,-21.3246,168.671,"Tadine, New Caledonia",,
6.6,2017-11-19,4,5,green,1,676,us,0,0.529,21,mww,13,-21.5027,168.598,"Tadine, New Caledonia",,
6.5,2017-11-13,8,8,yellow,1,1153,us,0,0.225,37,mww,19.36,9.5147,-84.4865,"Parrita, Costa Rica",,Costa Rica
7.3,2017-11-12,8,9,red,0,2790,us,0,0.284,33,mww,19,34.9109,45.9592,"?alabja, Iraq",Asia,Iran
6.5,2017-11-07,6,5,green,1,661,us,0,4.449,10,mww,110.57,-4.2433,143.485,"Angoram, Papua New Guinea",,Papua New Guinea
6.8,2017-11-04,5,5,green,1,727,us,0,4.852,21,mww,10,-15.3197,-173.168,"Hihifo, Tonga",,
6.6,2017-11-01,3,5,green,1,674,us,0,0.788,29,mww,22,-21.6484,168.859,"Tadine, New Caledonia",,
6.7,2017-10-31,3,4,green,1,691,us,0,1.062,55,mww,24,-21.6971,169.148,"Tadine, New Caledonia",,
6.7,2017-10-24,3,3,green,0,694,us,0,1.634,16,mww,553.81,-7.2168,123.074,"Maumere, Indonesia",,Indonesia
6.5,2017-10-08,3,5,green,1,651,us,0,1.154,11,mww,119,52.3909,176.769,"Attu Station, Alaska",North America,
7.1,2017-09-19,9,8,,0,1686,us,0,0.984,23,mww,48,18.5499,-98.4887,"Matzaco, Mexico",North America,Mexico
8.2,2017-09-08,9,7,red,1,2910,us,0,0.944,22,mww,47.39,15.0222,-93.8993,"Chiapas, Mexico",,
6.5,2017-08-08,5,7,yellow,0,707,us,0,11.411,22,mww,9,33.1926,103.855,"Mawu, China",Asia,People's Republic of China
6.6,2017-07-20,7,7,yellow,0,1064,us,0,0.913,16,mww,7,36.9293,27.4139,"Kos, Greece",Asia,Turkey
7.7,2017-07-17,8,7,green,1,918,us,0,3.564,13,mww,10,54.4434,168.857,"Komandorskiye Ostrova, Russia region",,
6.6,2017-07-11,5,4,green,1,704,us,0,3.773,37,mww,10,-49.4837,164.016,"Auckland Islands, New Zealand region",,
6.5,2017-07-06,9,8,yellow,1,740,us,0,4.139,30,mww,9,11.1269,124.629,"Lim-oo, Philippines",,Philippines
6.8,2017-06-22,6,6,yellow,1,1034,us,0,1.065,38,mww,38.12,13.7174,-90.9718,"Puerto San José, Guatemala",,
6.9,2017-06-14,8,6,yellow,1,1188,us,0,0.247,35,mww,93,14.9091,-92.0092,"San Pablo, Guatemala",,Guatemala
6.8,2017-06-02,0,4,green,1,711,us,0,2.308,12,mww,5,54.0312,170.92,"Attu Station, Alaska",,
6.6,2017-05-29,7,7,green,0,678,us,0,2.353,18,mww,12,-1.2923,120.431,"Poso, Indonesia",,Indonesia
6.5,2017-05-10,0,4,green,1,650,us,0,6.489,17,mww,15,-56.414,-25.7432,South Sandwich Islands region,,
6.8,2017-05-09,6,5,green,1,713,us,0,7.495,19,mww,169,-14.5884,167.377,"Port-Olry, Vanuatu",,Vanuatu
6.9,2017-04-28,9,6,green,1,814,us,0,1.636,14,mww,26,5.5043,125.066,"Burias, Philippines",,Philippines
6.9,2017-04-24,9,7,yellow,1,1642,us,0,0.356,39,mww,28,-33.0375,-72.0617,"Valparaíso, Chile",,
6.5,2017-04-03,7,8,green,0,1297,us,0,2.36,15,mww,29,-22.6784,25.1558,"Moijabana, Botswana",Africa,Botswana
6.6,2017-03-29,6,7,yellow,1,671,us,0,4.591,14,mww,17,56.9401,162.786,"Ust’-Kamchatsk Staryy, Russia",Asia,Russia
6.9,2017-02-24,2,3,green,1,733,us,0,6.012,19,mww,414.5,-23.2593,-178.804,the Fiji Islands,,
6.5,2017-02-21,3,3,green,0,653,us,0,4.242,14,mww,595.98,-19.2814,-63.9047,"Padilla, Bolivia",South America,Bolivia
6.5,2017-02-10,8,7,yellow,1,718,us,0,2.822,36,mww,15,9.9071,125.452,"Mabua, Philippines",,Philippines
7.9,2017-01-22,9,7,yellow,1,987,us,0,3.625,9,mww,135,-6.2464,155.172,"Panguna, Papua New Guinea",,Papua New Guinea
6.5,2017-01-19,6,6,green,1,654,us,0,1.64,21,mww,36,-10.3506,161.335,"Kirakira, Solomon Islands",,Solomon Islands
7.3,2017-01-10,6,3,green,1,849,us,0,3.813,18,mww,627.17,4.4782,122.617,"Tabiauan, Philippines",,
6.9,2017-01-03,6,4,green,1,742,us,0,2.495,13,mww,12,-19.3733,176.052,"Nadi, Fiji",,
7.6,2016-12-25,9,8,yellow,1,1152,us,0,0.355,29,mww,38,-43.4064,-73.9413,"Quellón, Chile",South America,Chile
6.7,2016-12-21,5,5,green,0,726,us,0,3.38,17,mww,152,-7.5082,127.921,"Lospalos, Timor Leste",,Indonesia
7.9,2016-12-17,9,7,yellow,1,972,us,0,1.389,13,mww,94.54,-4.5049,153.522,"Kokopo, Papua New Guinea",,Papua New Guinea
6.9,2016-12-09,8,6,green,1,737,us,0,1.747,26,mww,19.73,-10.749,161.132,"Kirakira, Solomon Islands",,
6.5,2016-12-08,0,5,green,0,650,us,0,1.937,18,mww,12.26,-10.8416,161.314,"Kirakira, Solomon Islands",,
7.8,2016-12-08,9,8,green,1,961,us,0,1.836,13,mww,40,-10.6812,161.327,"Kirakira, Solomon Islands",,Solomon Islands
6.6,2016-12-08,5,4,green,1,1120,us,0,1.405,55,mww,8.45,40.4535,-126.194,"Ferndale, California",,
6.5,2016-12-06,9,8,yellow,0,731,us,0,0.778,27,mww,13,5.2834,96.1678,"Reuleuet, Indonesia",,Indonesia
6.6,2016-11-25,8,7,green,0,693,us,0,1.697,20,mww,17,39.2732,73.9776,"Murghob, Tajikistan",Asia,People's Republic of China
6.9,2016-11-24,5,4,green,1,855,us,0,1.796,20,mww,10,11.9097,-88.8968,"Puerto El Triunfo, El Salvador",,
6.9,2016-11-21,9,6,green,1,1144,us,0,0.671,10,mww,9,37.3931,141.387,"Namie, Japan",Asia,
6.5,2016-11-14,7,7,yellow,1,664,us,0,0.283,56,mww,9,-42.6058,173.254,"Amberley, New Zealand",,New Zealand
6.5,2016-11-13,6,7,yellow,1,656,us,0,0.135,58,mww,10,-42.3205,173.669,"Blenheim, New Zealand",,New Zealand
7.8,2016-11-13,9,9,orange,1,1545,us,0,0.481,21,mww,15.11,-42.7373,173.054,"Amberley, New Zealand",,New Zealand
6.6,2016-10-30,9,8,red,0,2840,us,0,0.174,25,mww,8,42.8621,13.0961,"Preci, Italy",Europe,Italy
6.6,2016-10-19,3,3,green,0,677,us,0,2.022,16,mww,614,-4.8626,108.163,"Pamanukan, Indonesia",,Indonesia
6.8,2016-10-17,3,6,green,1,716,us,0,3.727,11,mww,42,-6.0033,148.887,"Kandrian, Papua New Guinea",,Papua New Guinea
6.9,2016-09-24,2,3,green,1,733,us,0,4.051,9,mww,596.4,-19.7819,-178.244,Fiji region,,Fiji
7,2016-09-01,5,6,green,1,897,us,0,0.698,21,mww,19,-37.3586,179.146,"Gisborne, New Zealand",,
6.8,2016-08-31,4,3,green,1,713,us,0,0.803,12,mww,476,-3.6849,152.792,"Rabaul, Papua New Guinea",,Papua New Guinea
6.8,2016-08-24,6,6,yellow,0,981,us,0,1.802,17,mww,82,20.9228,94.569,"Chauk, Myanmar",Asia,Myanmar
7.2,2016-08-12,6,5,green,1,799,us,0,4.823,14,mww,16.37,-22.4765,173.117,the Loyalty Islands,,
7.7,2016-07-29,5,6,green,1,971,us,0,3.294,14,mww,196,18.5429,145.507,"Pagan region, Northern Mariana Islands",,
6.6,2016-06-01,4,6,green,0,671,us,0,2.435,16,mww,50,-2.0967,100.665,"Sungai Penuh, Indonesia",,Indonesia
7.2,2016-05-28,1,6,green,1,798,us,0,5.803,24,mww,78,-56.2409,-26.9353,South Sandwich Islands region,,
6.9,2016-05-28,3,3,green,1,733,us,0,5.485,19,mww,405.69,-21.9724,-178.204,,,
6.9,2016-05-18,8,7,green,1,780,us,0,1.192,17,mww,29.95,0.4947,-79.616,"Rosa Zarate, Ecuador",South America,Ecuador
6.7,2016-05-18,5,7,green,1,744,us,0,1.352,21,mww,16,0.4261,-79.7899,"Muisne, Ecuador",South America,Ecuador
7,2016-04-28,7,7,green,1,755,us,0,0.616,14,mww,24,-16.0429,167.379,"Norsup, Vanuatu",,Vanuatu
7.8,2016-04-16,9,9,orange,1,1163,us,0,1.44,15,mww,20.59,0.3819,-79.9218,"Muisne, Ecuador",South America,Ecuador
7,2016-04-15,9,9,red,1,2074,us,0,0.349,32,mww,10,32.7906,130.754,"Kumamoto, Japan",Asia,Japan
6.9,2016-04-13,6,6,yellow,0,903,us,0,3.001,14,mww,136,23.0944,94.8654,"Mawlaik, Myanmar",Asia,Myanmar
6.6,2016-04-10,6,4,green,0,738,us,0,0.789,17,mww,212,36.4725,71.1311,"Ashkasham, Afghanistan",Asia,Afghanistan
6.7,2016-04-07,7,5,green,1,692,us,0,6.787,25,mww,27.59,-13.9805,166.594,"Sola, Vanuatu",,Vanuatu
6.7,2016-04-06,7,6,green,1,691,us,0,6.697,19,mww,24,-14.0683,166.624,"Sola, Vanuatu",,Vanuatu
6.9,2016-04-03,7,6,green,1,734,us,0,1.166,25,mww,26,-14.3235,166.855,"Port-Olry, Vanuatu",,Vanuatu
7.8,2016-03-02,4,3,green,0,948,us,0,7.009,20,mww,24,-4.9521,94.3299,"Sumatra, Indonesia",,
7.2,2016-01-30,3,7,green,1,799,us,0,0.958,17,mww,177,53.9776,158.546,"Mil’kovo, Russia",Asia,Russia
7.1,2016-01-24,7,7,green,1,1496,ak,0,0,0,mw,125.6,59.6204,-153.339,"Pedro Bay, Alaska",North America,United States of America
6.6,2016-01-21,3,4,green,1,673,us,0,2.413,74,mww,10,18.8239,-106.934,"La Cruz de Loreto, Mexico",,
6.7,2016-01-14,5,6,green,1,717,us,0,0.281,22,mww,46,41.9723,142.781,"Shizunai-furukawacho, Japan",Asia,Japan
6.5,2016-01-11,3,6,green,1,651,us,0,3.144,22,mww,13,3.8965,126.862,"Sarangani, Philippines",,Indonesia
6.7,2016-01-03,8,7,orange,0,1515,us,0,1.794,16,mww,55,24.8036,93.6505,"Imphal, India",Asia,India
6.6,2015-12-17,8,6,green,1,765,us,0,0.41,35,mww,85,15.8015,-93.633,"Manuel Ávila Camacho (Ponte Duro), Mexico",,Mexico
6.9,2015-12-09,8,5,green,0,738,us,0,2.979,14,mww,21,-4.1064,129.508,"Amahai, Indonesia",,Indonesia
7.2,2015-12-07,4,7,green,0,827,us,0,1.116,18,mww,22,38.2107,72.7797,"Murghob, Tajikistan",Asia,Tajikistan
6.7,2015-11-26,2,3,green,0,691,us,0,2.033,19,mww,602.75,-9.1825,-71.2574,"Tarauacá, Brazil",South America,Brazil
7.6,2015-11-24,5,4,green,0,896,us,0,2.852,10,mww,620.56,-10.0598,-71.0184,"Iñapari, Peru",South America,Peru
7.6,2015-11-24,6,5,green,1,957,us,0,3.287,10,mww,606.21,-10.5372,-70.9437,"Iñapari, Peru",South America,Peru
6.8,2015-11-18,5,6,green,1,715,us,0,1.599,19,mww,12.59,-8.8994,158.422,"Buala, Solomon Islands",,Solomon Islands
6.5,2015-11-17,7,7,orange,0,1018,us,0,0,0,mww,11,38.67,20.6,"Lefkáda, Greece",Europe,Greece
6.7,2015-11-13,5,4,green,0,702,us,0,1.444,17,mww,12,31.0009,128.873,"Makurazaki, Japan",,
6.9,2015-11-11,5,6,green,0,744,us,0,0.821,43,mww,10,-29.5097,-72.0585,"Coquimbo, Chile",,
6.9,2015-11-11,6,6,green,1,761,us,0,0.784,32,mww,12,-29.5067,-72.0068,"Coquimbo, Chile",,
6.6,2015-11-08,7,4,green,0,675,us,0,2.792,31,mww,10,6.8431,94.648,"Nicobar Islands, India region",,
6.8,2015-11-07,7,7,green,1,841,us,0,0.258,41,mww,46,-30.8796,-71.4519,"Ovalle, Chile",South America,Chile
6.5,2015-11-04,5,7,green,0,657,us,0,1.53,21,mww,20,-8.3381,124.875,"Maubara, Timor Leste",,Indonesia
7.5,2015-10-26,8,7,orange,0,1448,us,0,0.622,18,mww,231,36.5244,70.3676,"Hindu Kush region, Afghanistan",Asia,Afghanistan
7.1,2015-10-20,6,6,green,1,780,us,0,0.592,11,mww,135,-14.8595,167.303,"Port-Olry, Vanuatu",,Vanuatu
6.6,2015-09-24,7,7,green,0,671,us,0,2.486,13,mww,18,-0.6212,131.262,"Sorong, Indonesia",,Indonesia
6.6,2015-09-21,5,7,green,1,820,us,0,1.064,14,mww,35,-31.7275,-71.3792,"Illapel, Chile",South America,Chile
6.7,2015-09-17,5,7,green,0,718,us,0,0.853,35,mww,23,-31.5173,-71.804,"Illapel, Chile",,Chile
6.5,2015-09-17,6,7,green,0,657,us,0,0.749,62,mww,27,-31.4244,-71.6876,"Illapel, Chile",,Chile
7,2015-09-16,8,7,green,0,799,us,0,0.903,13,mww,28.41,-31.5622,-71.4262,"Illapel, Chile",South America,Chile
8.3,2015-09-16,9,8,orange,1,1960,us,0,0.684,19,mww,22.44,-31.5729,-71.6744,"Illapel, Chile",,Chile
6.7,2015-09-13,5,5,green,1,708,us,0,1.256,123,mww,10,24.913,-109.623,"Topolobampo, Mexico",,
6.5,2015-08-12,0,5,green,1,650,us,0,2.045,16,mww,6.43,-9.3293,157.877,"Gizo, Solomon Islands",,
6.6,2015-08-10,3,5,green,1,671,us,0,1.872,20,mww,22,-9.3438,158.053,"Malango, Solomon Islands",,
7,2015-07-27,9,7,green,1,762,us,0,6.278,12,mww,48,-2.6286,138.528,"Abepura, Indonesia",,Indonesia
6.9,2015-07-27,4,7,green,1,734,us,0,0.444,39,mww,29,52.376,-169.446,"Fox Islands, Aleutian Islands, Alaska",,
7,2015-07-18,8,6,green,1,759,us,0,5.205,22,mww,11,-10.4012,165.141,"Lata, Solomon Islands",,
6.5,2015-07-16,4,4,green,1,686,us,0,1.218,20,mww,20,13.8672,-58.5479,"Bathsheba, Barbados",,
6.7,2015-07-10,4,5,green,1,691,us,0,1.529,11,mww,12,-9.307,158.403,"Malango, Solomon Islands",,Solomon Islands
6.5,2015-06-23,3,4,green,0,652,us,0,2.277,11,mww,460,27.7375,139.725,"Bonin Islands, Japan region",,
7.8,2015-05-30,6,3,green,1,1151,us,0,1.675,12,mww,664,27.8386,140.493,"Bonin Islands, Japan region",,
6.8,2015-05-29,5,6,green,1,762,ak,0,0,0,mw,72.6,56.594,-156.43,"Ugashik, Alaska",,
6.8,2015-05-22,1,5,green,1,711,us,0,3.619,18,mww,10,-11.1093,163.215,"Kirakira, Solomon Islands",,
6.9,2015-05-22,1,4,green,1,732,us,0,4.024,22,mww,11.19,-11.0559,163.696,"Kirakira, Solomon Islands",,
6.8,2015-05-20,1,4,green,1,711,us,0,4.395,15,mww,11,-10.8759,164.169,"Lata, Solomon Islands",,
6.8,2015-05-12,8,6,green,1,831,us,0,1.422,8,mww,35,38.9056,142.032,"Ofunato, Japan",Asia,Japan
7.3,2015-05-12,8,7,orange,0,1563,us,0,0.677,11,mww,15,27.8087,86.0655,Nepal,Asia,Nepal
7.1,2015-05-07,1,6,green,1,776,us,0,3.835,11,mww,10,-7.2175,154.557,"Panguna, Papua New Guinea",,
7.5,2015-05-05,7,8,green,1,869,us,0,1.295,22,mww,55,-5.4624,151.875,"Kokopo, Papua New Guinea",,Papua New Guinea
6.8,2015-05-01,5,6,green,1,714,us,0,1.074,23,mww,44,-5.2005,151.777,"Kokopo, Papua New Guinea",,Papua New Guinea
6.7,2015-04-30,5,6,green,1,692,us,0,1.239,12,mww,31,-5.375,151.771,"Kokopo, Papua New Guinea",,Papua New Guinea
6.7,2015-04-26,7,7,yellow,0,1016,us,0,0.727,13,mww,22.91,27.7711,86.0173,"Kodari, Nepal",Asia,Nepal
6.6,2015-04-25,8,7,yellow,0,733,us,0,1.778,16,mww,10,28.2244,84.8216,"Bharatpur, Nepal",Asia,Nepal
7.8,2015-04-25,8,9,red,0,2820,us,0,1.857,12,mww,8.22,28.2305,84.7314,"Bharatpur, Nepal",Asia,Nepal
6.5,2015-04-17,0,5,green,1,650,us,0,3.702,42,mww,10,-15.8815,-178.6,"Alo, Wallis and Futuna",,
6.5,2015-03-30,2,5,green,1,650,us,0,4.629,36,mww,11,-15.4994,-173.029,"Hihifo, Tonga",,
7.5,2015-03-29,6,7,green,1,872,us,0,0.666,19,mww,41,-4.7294,152.562,"Kokopo, Papua New Guinea",,Papua New Guinea
7,2015-02-27,4,6,green,0,760,us,0,1.362,12,mww,552.06,-7.2968,122.535,"Maumere, Indonesia",,Indonesia
6.7,2015-02-16,5,5,green,1,714,us,0,1.925,20,mww,23,39.8558,142.881,"Miyako, Japan",,
6.7,2015-02-11,4,6,green,1,700,us,0,2.11,16,mww,223,-23.1125,-66.688,"El Aguilar, Argentina",South America,Argentina
6.8,2015-01-23,1,4,green,1,711,us,0,2.019,13,mww,219.96,-17.0309,168.52,"Port-Vila, Vanuatu",,Vanuatu
6.5,2015-01-07,1,4,green,1,650,us,0,4.318,61,mww,8,5.9045,-82.6576,"Punta de Burica, Panama",,
6.6,2014-12-08,7,6,green,1,709,us,0,2.485,43,mww,20,7.9401,-82.6865,"Punta de Burica, Panama",,Panama
6.6,2014-12-07,1,5,green,1,670,us,0,3.246,12,mww,23,-6.5108,154.46,"Panguna, Papua New Guinea",,
6.6,2014-12-02,1,3,green,0,670,us,0,2.6,9,mww,614,6.1572,123.126,"Sangay, Philippines",,Philippines
6.8,2014-11-26,6,5,green,1,713,us,0,1.421,19,mww,39,1.9604,126.575,"Ternate, Indonesia",,Indonesia
6.5,2014-11-21,5,5,green,1,652,us,0,1.549,9,mww,35,2.2999,127.056,"Tobelo, Indonesia",,Indonesia
6.7,2014-11-16,7,4,green,1,698,us,0,1.079,25,mww,22,-37.6478,179.662,"Gisborne, New Zealand",,
7.1,2014-11-15,4,6,green,1,779,us,0,1.397,18,mww,45,1.8929,126.522,"Ternate, Indonesia",,Indonesia
6.6,2014-11-07,2,6,green,1,671,us,0,3.557,13,mww,53.19,-5.9873,148.232,"Finschhafen, Papua New Guinea",,Papua New Guinea
7.1,2014-11-01,3,6,green,1,776,us,0,4.415,13,mww,434,-19.6903,-177.759,Fiji region,,
7.3,2014-10-14,8,6,yellow,1,982,us,0,1.078,18,mww,40,12.5262,-88.1225,"Intipucá, El Salvador",,
6.7,2014-09-17,5,5,green,1,724,us,0,0.46,11,mww,130,13.7641,144.429,"Piti Village, Guam",,
6.8,2014-08-24,6,6,green,1,741,us,0,4.107,18,mww,101,-14.598,-73.5714,"Aniso, Peru",South America,Peru
6.9,2014-08-03,0,4,green,1,732,us,0,6.393,12,mww,13,0.8295,146.169,Micronesia region,,
6.9,2014-07-21,0,6,green,1,732,us,0,3.934,15,mww,615.42,-19.8015,-178.4,Fiji region,,Fiji
6.5,2014-07-11,5,4,green,1,706,us,0,2.421,9,mww,20,37.0052,142.452,"Namie, Japan",,
6.9,2014-07-07,8,7,orange,1,1079,us,0,0.263,51,mww,53,14.724,-92.4614,"Puerto Madero, Mexico",,Mexico
6.5,2014-07-04,0,4,green,1,650,us,0,2.124,15,mww,20,-6.2304,152.807,"Kokopo, Papua New Guinea",,
6.7,2014-06-29,0,5,green,1,691,us,0,6.713,45,mww,18,-14.9831,-175.51,"Mata-Utu, Wallis and Futuna",,
6.9,2014-06-29,0,5,green,1,732,us,0,4.838,25,mww,8,-55.4703,-28.3669,South Sandwich Islands region,,
7.9,2014-06-23,6,8,green,1,963,us,0,0.133,22,mww,109,51.8486,178.735,"Rat Islands, Aleutian Islands, Alaska",North America,United States of America
6.7,2014-06-23,0,5,green,0,691,us,0,0.748,43,mwc,26.59,-29.9414,-177.607,"Kermadec Islands, New Zealand",,
6.5,2014-06-23,0,5,green,0,650,us,0,0.778,30,mwc,10,-29.9379,-177.516,"Kermadec Islands, New Zealand",,
6.9,2014-06-23,0,5,green,1,732,us,0,0.751,35,mww,20,-29.9772,-177.725,"Kermadec Islands, New Zealand",,
6.9,2014-05-24,9,7,green,0,951,us,0,0.402,25,mww,6.43,40.2893,25.3889,"Kamariótissa, Greece",Europe,Greece
6.5,2014-05-13,7,5,green,1,694,us,0,3.121,33,mww,10,7.2096,-82.3045,"Punta de Burica, Panama",,
6.6,2014-05-01,0,5,green,1,670,us,0,3.34,10,mww,106,-21.4542,170.355,"Isangel, Vanuatu",,
6.5,2014-04-24,4,6,green,1,838,us,0,0,0,mww,10,49.6388,-127.732,"Vernon, Canada",,
7.5,2014-04-19,0,6,green,1,865,us,0,3.82,16,mww,43.37,-6.7547,155.024,"Panguna, Papua New Guinea",,
6.6,2014-04-19,0,6,green,1,670,us,0,3.803,11,mww,29,-6.6558,155.087,"Panguna, Papua New Guinea",,Papua New Guinea
7.2,2014-04-18,8,7,yellow,1,1017,us,0,2.25,46,mww,24,17.397,-100.972,"Coyuquilla Norte, Mexico",North America,Mexico
6.6,2014-04-13,0,6,green,0,670,us,0,2.666,22,mww,10,-11.1284,162.052,"Kirakira, Solomon Islands",,
7.4,2014-04-13,0,6,green,1,842,us,0,2.885,17,mww,39,-11.4633,162.051,"Kirakira, Solomon Islands",,
7.6,2014-04-12,0,7,green,1,889,us,0,2.828,13,mww,22.56,-11.2701,162.148,"Kirakira, Solomon Islands",,
6.6,2014-04-11,6,5,green,1,677,us,0,0.761,20,mww,135,11.642,-85.8779,"Belén, Nicaragua",,Nicaragua
6.5,2014-04-11,0,6,green,1,650,us,0,3.787,16,mww,20,-6.7878,154.95,"Panguna, Papua New Guinea",,
7.1,2014-04-11,0,7,green,1,776,us,0,3.729,21,mww,60.53,-6.5858,155.048,"Panguna, Papua New Guinea",,Papua New Guinea
7.7,2014-04-03,8,9,yellow,1,1057,us,0,1.029,44,mww,22.4,-20.5709,-70.4931,"Iquique, Chile",,
6.5,2014-04-03,7,7,green,0,670,us,0,0.828,82,mww,24.07,-20.3113,-70.5756,"Iquique, Chile",,
6.9,2014-04-01,0,5,green,0,732,us,0,0.828,119,mww,28.42,-19.8927,-70.9455,"Iquique, Chile",,
8.2,2014-04-01,9,8,yellow,1,1332,us,0,0.609,23,mww,25,-19.6097,-70.7691,"Iquique, Chile",,
6.7,2014-03-16,7,7,green,1,718,us,0,1.008,44,mww,20,-19.9807,-70.7022,"Iquique, Chile",,
6.8,2014-03-10,5,5,green,1,1211,nc,112,0.6568,229,mw,16.441,40.8287,-125.134,"Indianola, California",,
6.5,2014-03-02,4,5,green,1,668,us,0,1.001,17,mww,119,27.4312,127.367,"Nago, Japan",,
6.5,2014-02-18,5,4,green,1,681,us,0,1.635,30,mww,14.83,14.6682,-58.9272,"Greenland, Barbados",,
6.9,2014-02-12,3,8,yellow,0,733,us,0,7.496,18,mww,10,35.9053,82.5864,"Hotan, China",Asia,People's Republic of China
6.5,2014-02-07,0,5,green,1,650,us,0,0.409,20,mww,122,-15.0691,167.372,"Port-Olry, Vanuatu",,Vanuatu
6.5,2014-02-02,0,3,green,1,650,us,0,3.651,22,mww,44.26,-32.9076,-177.881,the Kermadec Islands,,
6.5,2014-01-01,0,4,green,1,650,us,0,3.997,14,mww,187,-13.8633,167.249,"Sola, Vanuatu",,Vanuatu
6.5,2013-11-23,3,4,green,0,651,us,0,5.194,22,mww,371,-17.1171,-176.545,Fiji region,,
7.7,2013-11-17,1,8,green,1,912,us,0,8.05,23,mww,10,-60.2738,-46.4011,Scotia Sea,,United Kingdom of Great Britain and Northern Ireland (the)
6.9,2013-11-16,0,5,green,1,732,us,0,8.284,17,mww,9.97,-60.2627,-47.0621,Scotia Sea,,United Kingdom of Great Britain and Northern Ireland (the)
6.6,2013-10-31,6,7,green,1,723,us,0,0.636,31,mww,27,-30.2921,-71.5215,"Coquimbo, Chile",South America,Chile
7.1,2013-10-25,6,4,green,1,872,us,0,3.968,10,mww,35,37.1557,144.661,"off the east coast of Honshu, Japan",,
6.6,2013-10-19,8,5,green,1,692,us,0,1.98,44,mww,9.45,26.0913,-110.321,"Etchoropo, Mexico",,
6.8,2013-10-16,0,6,green,1,711,us,0,5.79,9,mww,35,-6.4456,154.931,"Panguna, Papua New Guinea",,Papua New Guinea
7.1,2013-10-15,9,8,orange,1,1092,us,0,3.144,12,mww,19.04,9.8796,124.117,"Sagbayan, Philippines",,Philippines
6.6,2013-10-12,5,6,yellow,0,691,us,0,1.984,40,mww,40,35.5142,23.2523,"Kíssamos, Greece",Europe,
6.7,2013-10-01,0,3,green,0,691,us,0,2.958,11,mww,573,53.1995,152.786,Okhotsk,,
6.5,2013-09-30,0,4,green,1,650,us,0,1.709,21,mww,41.54,-30.9255,-178.323,"Kermadec Islands, New Zealand",,
6.8,2013-09-28,7,7,orange,0,1005,us,0,7.359,17,mww,12,27.1825,65.5052,"Khuzdar, Pakistan",Asia,Pakistan
7.1,2013-09-25,8,7,green,1,843,us,0,4.446,17,mww,40,-15.8385,-74.5112,"Atiquipa, Peru",,Peru
7.7,2013-09-24,5,8,red,0,2015,us,0,7.241,17,mww,15,26.951,65.5009,"Bela, Pakistan",Asia,Pakistan
6.5,2013-09-04,0,6,green,1,650,us,0,0.735,24,mww,20,51.5573,-174.767,"Atka, Alaska",,
6.5,2013-09-04,5,3,green,0,739,us,0,3.276,26,mww,402,29.9377,138.833,"Izu Islands, Japan region",,
6.5,2013-09-01,4,5,green,0,668,us,0,3.097,11,mww,112,-7.44,128.221,"Lospalos, Timor Leste",,Indonesia
7,2013-08-30,5,6,green,0,758,us,0,0.624,53,mww,29,51.537,-175.23,"Atka, Alaska",,
6.5,2013-08-16,9,7,yellow,1,690,us,0,0,0,mww,8.2,-41.734,174.152,"Blenheim, New Zealand",,New Zealand
6.7,2013-08-13,4,5,green,1,715,us,0,3.741,22,mww,12,5.7732,-78.1999,"Bahía Solano, Colombia",,
6.5,2013-07-21,6,7,yellow,1,693,us,229,0,20,mww,17,-41.704,174.337,"Blenheim, New Zealand",,New Zealand
7.3,2013-07-15,0,6,green,1,820,us,398,0,43,mww,11,-60.857,-25.07,South Sandwich Islands region,,United Kingdom of Great Britain and Northern Ireland (the)
6.6,2013-07-07,4,6,green,0,674,us,139,0,14,mww,56,-6.029,149.706,"Kandrian, Papua New Guinea",,Papua New Guinea
7.3,2013-07-07,0,4,green,1,820,us,117,0,24,mww,385.5,-3.917,153.927,"Kokopo, Papua New Guinea",,Papua New Guinea
6.6,2013-06-24,0,7,green,1,670,us,111,0,16,mww,10,10.701,-42.594,northern Mid-Atlantic Ridge,,
6.5,2013-06-15,5,6,green,1,679,us,698,0,27,mww,30,11.763,-86.926,"Masachapa, Nicaragua",,
6.7,2013-06-13,5,4,green,0,710,us,515,0,24,mww,9,-10.004,107.236,"Java, Indonesia",,
6.7,2013-05-24,0,3,green,1,691,us,217,0,25.2,mwb,624,52.235,151.444,Okhotsk,,
8.3,2013-05-24,5,5,green,1,1115,us,385,0,10,mww,598.1,54.892,153.221,Okhotsk,,
7.4,2013-05-23,0,6,green,1,842,us,626,0,16,mww,173.7,-23.009,-177.232,"Vaini, Tonga",,
6.8,2013-05-14,0,3,green,0,711,us,131,0,18,mww,602.2,18.728,145.288,"Pagan region, Northern Mariana Islands",,
6.5,2013-04-23,0,6,green,1,650,us,264,0,16.6,mww,10,-3.898,152.127,"Rabaul, Papua New Guinea",,Papua New Guinea
6.6,2013-04-20,8,8,red,0,2083,us,548,0,12.6,mww,14,30.308,102.888,"Linqiong, China",Asia,People's Republic of China
7.2,2013-04-19,5,7,green,1,804,us,770,0,10.1,mww,110,46.221,150.788,"Kuril’sk, Russia",Asia,Russia
6.6,2013-04-16,7,7,green,1,672,us,445,0,11,mww,13,-3.214,142.542,"Aitape, Papua New Guinea",,Papua New Guinea
7.7,2013-04-16,8,8,yellow,0,1421,us,506,0,26.6,mww,80,28.033,61.996,"Khash, Iran",Asia,Iran
6.6,2013-04-14,0,5,green,1,670,us,491,0,11.5,mww,31,-6.475,154.607,"Panguna, Papua New Guinea",,
7,2013-04-06,3,7,green,1,755,us,640,0,11.4,mww,66,-3.517,138.476,"Abepura, Indonesia",,Indonesia
6.5,2013-03-10,0,6,green,1,650,us,317,0,14.2,mww,28,-6.598,148.174,"Finschhafen, Papua New Guinea",,Papua New Guinea
6.5,2013-03-01,3,6,green,0,651,us,480,0,20.7,mww,29,50.958,157.408,"Ozernovskiy, Russia",Asia,
6.9,2013-02-28,5,6,green,1,736,us,531,0,20.7,mww,41,50.954,157.283,"Ozernovskiy, Russia",Asia,
6.6,2013-02-14,0,7,green,1,670,us,697,0,15.3,mww,11,67.631,142.508,"Belaya Gora, Russia",Asia,Russia
6.6,2013-02-09,0,6,green,1,670,us,421,0,16.6,mww,18,-10.994,165.741,"Lata, Solomon Islands",,Solomon Islands
6.9,2013-02-09,5,5,green,1,904,us,562,0,23.7,mww,145,1.135,-77.393,"Yacuanquer, Colombia",South America,Colombia
7.1,2013-02-08,9,6,green,1,780,us,334,0,16.5,mww,21,-10.928,166.018,"Lata, Solomon Islands",,Solomon Islands
6.8,2013-02-08,0,7,green,1,711,us,400,0,17.5,mww,12,-10.838,165.969,"Lata, Solomon Islands",,Solomon Islands
6.7,2013-02-07,0,6,green,1,691,us,387,0,26.5,mww,11,-10.997,165.655,"Lata, Solomon Islands",,Solomon Islands
7,2013-02-06,0,6,green,0,754,us,445,0,17.5,mww,8.8,-10.499,165.588,"Lata, Solomon Islands",,Solomon Islands
7.1,2013-02-06,0,5,green,0,776,us,550,0,18.4,mww,10,-11.183,164.882,"Lata, Solomon Islands",,
8,2013-02-06,8,7,green,1,993,us,460,0,20.9,mww,24,-10.799,165.114,"Lata, Solomon Islands",,
6.9,2013-02-02,6,7,yellow,0,814,us,686,0,28,mww,107,42.77,143.092,"Obihiro, Japan",Asia,Japan
6.8,2013-01-30,6,7,green,0,771,us,596,0,19.3,mww,45,-28.094,-70.653,"Vallenar, Chile",South America,Chile
7.5,2013-01-05,6,6,,0,1425,ak,0,0,0,mw,8.7,55.228,-134.859,"Edna Bay, Alaska",,
6.7,2012-12-21,0,4,,0,691,us,521,0,13.7,mww,200.7,-14.344,167.286,"Sola, Vanuatu",,Vanuatu
7.1,2012-12-10,5,5,,0,843,us,517,0,8.7,mww,155,-6.533,129.825,Banda Sea,,Indonesia
7.3,2012-12-07,6,5,,0,1014,us,918,0,14.8,mww,31,37.89,143.949,"Ofunato, Japan",,
6.5,2012-11-11,4,5,,0,708,us,598,0,57.3,mww,20,14.129,-92.164,"Champerico, Guatemala",,
6.8,2012-11-11,7,6,,0,795,us,391,0,13.7,mww,13.7,23.005,95.885,"Shwebo, Myanmar",Asia,Myanmar
7.4,2012-11-07,8,7,yellow,0,1455,us,751,0,25.5,mww,24,13.988,-91.895,"Champerico, Guatemala",,
7.8,2012-10-28,8,7,,0,1726,us,807,0,42.7,mww,14,52.788,-132.101,"Prince Rupert, Canada",North America,Canada
6.5,2012-10-24,6,6,,0,745,us,691,0,34.4,mww,17,10.086,-85.298,Costa Rica,,Costa Rica
6.6,2012-10-12,3,5,,0,675,us,291,0,17.7,mww,13,-4.892,134.03,"Tual, Indonesia",,Indonesia
7.3,2012-09-30,7,6,,0,1221,us,934,0,15.5,mww,170,1.929,-76.362,"San Agustín, Colombia",South America,Colombia
7.6,2012-09-05,8,7,,0,1555,us,703,0,34.3,mww,35,10.085,-85.315,"Hojancha, Costa Rica",,Costa Rica
7.6,2012-08-31,8,5,,0,1115,us,682,0,10.2,mww,28,10.811,126.638,"Sulangan, Philippines",,
7.3,2012-08-27,5,5,,0,994,us,417,0,37,mww,28,12.139,-88.59,"Puerto El Triunfo, El Salvador",,
6.6,2012-08-26,4,5,,0,678,us,497,0,14.6,mww,91.1,2.19,126.837,"Tobelo, Indonesia",,Indonesia
7.7,2012-08-14,7,4,,0,941,us,862,0,13.8,mww,583.2,49.8,145.064,"Poronaysk, Russia",,
6.5,2012-07-28,5,6,,0,653,us,576,0,11.7,mww,41,-4.651,153.173,"Kokopo, Papua New Guinea",,Papua New Guinea
6.6,2012-04-28,4,5,,0,675,us,529,0,15.7,mww,134.7,-18.685,-174.705,"Neiafu, Tonga",,Tonga
6.7,2012-04-21,0,7,,0,691,us,370,0,15.4,mww,16,-1.617,134.276,"Manokwari, Indonesia",,Indonesia
6.8,2012-04-17,6,5,,0,732,us,597,0,12.6,mww,198,-5.462,147.117,"Lae, Papua New Guinea",,Papua New Guinea
6.7,2012-04-17,0,7,,0,691,us,518,0,26.9,mww,29,-32.625,-71.365,"Hacienda La Calera, Chile",South America,Chile
7,2012-04-12,7,7,,0,1000,us,474,0,95.9,mww,13,28.696,-113.104,"San Luis, Mexico",North America,Mexico
6.5,2012-04-11,7,6,,0,1171,us,599,0,54.1,mwb,20,18.229,-102.689,"El Habillal, Mexico",North America,Mexico
8.2,2012-04-11,9,6,green,0,1213,us,341,0,14.9,mwc,25.1,0.802,92.463,off the west coast of northern Sumatra,,
8.6,2012-04-11,9,7,yellow,0,2048,official,499,0,16.6,mw,20,2.327,93.063,off the west coast of northern Sumatra,,
7.1,2012-03-25,7,7,,0,1496,us,553,0,15.2,mww,40.7,-35.2,-72.217,"Constitución, Chile",South America,Chile
6.6,2012-03-21,6,6,,0,709,us,640,0,10.1,mww,118,-6.242,145.955,"Kainantu, Papua New Guinea",,Papua New Guinea
7.4,2012-03-20,9,8,,0,1752,us,672,0,37.9,mww,20,16.493,-98.231,"Santiago Llano Grande, Mexico",North America,Mexico
6.7,2012-02-26,7,7,,0,833,us,596,0,13.4,mww,12,51.708,95.991,"Saryg-Sep, Russia",Asia,Russia
6.7,2012-02-06,9,7,,0,1551,us,572,0,11.1,mww,11,9.999,123.206,"Jimalalud, Philippines",,Philippines
7.1,2012-02-02,5,5,,0,793,us,573,0,12,mww,23,-17.827,167.133,"Port-Vila, Vanuatu",,
7.2,2012-01-10,4,4,,0,838,us,443,0,17,mww,19,2.433,93.21,off the west coast of northern Sumatra,,
6.6,2011-12-27,0,7,,0,670,us,545,0,17.6,mww,15,51.842,95.911,"Saryg-Sep, Russia",Asia,Russia
7.1,2011-12-14,6,6,,0,834,us,485,0,10.6,mww,135,-7.551,146.809,"Wau, Papua New Guinea",,Papua New Guinea
6.5,2011-12-11,8,7,,0,1400,us,578,0,38.6,mww,59,17.986,-99.789,"Nuevo Balsas, Mexico",North America,Mexico
6.9,2011-10-28,6,7,,0,847,us,474,0,46.5,mww,24,-14.438,-75.966,"Santiago, Peru",South America,Peru
7.1,2011-10-23,9,9,,0,1096,us,693,0,19.7,mww,18,38.721,43.508,"Van, Turkey",Asia,Turkey
6.5,2011-10-14,3,6,,0,655,us,423,0,12.6,mww,37,-6.57,147.881,"Finschhafen, Papua New Guinea",,Papua New Guinea
6.9,2011-09-18,8,8,,0,1562,us,383,0,13,mww,50,27.73,88.155,"Mangan, India",Asia,India
6.7,2011-09-16,5,5,,0,712,us,667,0,10.9,mwc,30,40.273,142.779,"Miyako, Japan",,
6.7,2011-09-05,5,6,,0,915,us,447,0,15.3,mww,91,2.965,97.893,"Kabanjahe, Indonesia",,Indonesia
7,2011-09-03,7,5,,0,761,us,406,0,15.3,mww,185.1,-20.671,169.716,"Isangel, Vanuatu",,
7,2011-08-24,6,6,,0,913,us,471,0,26.9,mww,147,-7.641,-74.525,"Contamana, Peru",South America,Peru
7.1,2011-08-20,5,6,,0,787,us,564,0,12.3,mww,28,-18.311,168.218,"Port-Vila, Vanuatu",,
6.5,2011-08-20,0,5,,0,650,us,322,0,15,mwc,35,-18.308,168.156,"Port-Vila, Vanuatu",,
7.2,2011-08-20,8,6,,0,813,us,280,0,18.4,mww,32,-18.365,168.143,"Port-Vila, Vanuatu",,
6.6,2011-07-31,3,6,,0,674,us,229,0,16.6,mww,10,-3.518,144.828,"Angoram, Papua New Guinea",,Papua New Guinea
7.6,2011-07-06,3,7,,0,893,us,567,0,33.5,mww,17,-29.539,-176.34,Kermadec Islands region,,
6.7,2011-06-22,6,6,,0,749,us,592,0,24.9,mww,33,39.955,142.205,"Miyako, Japan",Asia,Japan
6.8,2011-05-10,4,5,,0,734,us,519,0,12.5,mww,11,-20.244,168.226,"Wé, New Caledonia",,
6.8,2011-04-23,5,6,,0,719,us,445,0,13,mww,79,-10.375,161.2,"Kirakira, Solomon Islands",,Solomon Islands
6.6,2011-04-11,7,7,,0,822,us,586,0,10.1,mww,11,37.001,140.401,"Ishikawa, Japan",Asia,Japan
7.1,2011-04-07,8,8,,0,1114,us,446,0,17.7,mww,42,38.276,141.588,"Ishinomaki, Japan",Asia,Japan
6.6,2011-04-07,7,6,,0,897,us,518,0,37.2,mww,166.2,17.208,-94.338,"Helio García Alfaro, Mexico",,Mexico
6.9,2011-03-24,7,9,,0,1154,us,335,0,18.2,mww,8,20.687,99.822,"Tachilek, Myanmar",Asia,Myanmar
6.6,2011-03-11,6,5,,0,673,us,668,0,9.5,ms,25.7,39.241,142.463,"?tsuchi, Japan",,
6.5,2011-03-11,0,4,,0,650,us,369,0,18.7,mb,6.8,36.166,141.562,"Hasaki, Japan",,
7.7,2011-03-11,7,4,,0,931,us,507,0,10.8,mwc,18.6,38.058,144.59,"Kamaishi, Japan",,
7.9,2011-03-11,8,7,,0,1140,us,163,0,48.4,mwc,42.6,36.281,141.111,"Ibarai, Japan",,
9.1,2011-03-11,9,8,,0,2184,official,541,0,9.5,mww,29,38.297,142.373,"2011 Great Tohoku Earthquake, Japan",,
7.3,2011-03-09,5,5,,0,972,us,550,0,17.4,mww,32,38.435,142.842,"Ofunato, Japan",,
6.7,2011-02-14,5,6,,0,731,us,358,0,33.9,mww,21,-35.38,-72.834,"Constitución, Chile",,
6.9,2011-02-11,7,7,,0,988,us,382,0,34.7,mww,26,-36.422,-72.96,"Tomé, Chile",South America,Chile
7.2,2011-01-18,7,7,,0,1449,us,372,0,25.3,mww,68,28.777,63.951,"Dalbandin, Pakistan",Asia,Pakistan
7,2011-01-13,2,5,,0,755,us,578,0,13.3,mww,9,-20.628,168.471,"Tadine, New Caledonia",,
7.2,2011-01-02,8,7,,0,1054,us,397,0,30.1,mww,24,-38.355,-73.326,"Carahue, Chile",South America,Chile
7.3,2010-12-25,0,5,,0,820,us,409,0,12,mwc,16,-19.702,167.947,"Isangel, Vanuatu",,
6.7,2010-12-20,3,7,,0,708,us,279,0,24.3,mwc,12,28.412,59.18,"Bam, Iran",Asia,Iran
6.6,2010-12-02,0,6,,0,670,us,306,0,18.5,mwb,33,-6.001,149.977,"Kandrian, Papua New Guinea",,Papua New Guinea
7.8,2010-10-25,4,7,,0,946,us,379,0,23,mwc,20.1,-3.487,100.082,"Sungai Penuh, Indonesia",,
6.7,2010-10-21,5,5,,0,776,us,352,0,50.3,mwc,13,24.696,-109.156,"El Huitusi, Mexico",,
7,2010-09-29,8,5,,0,772,us,271,0,15.1,mwc,26,-4.963,133.76,"Papua, Indonesia",,Indonesia
7,2010-09-03,8,8,,0,1245,us,365,0,15.8,mwc,12,-43.522,171.83,"Methven, New Zealand",,New Zealand
7.1,2010-08-12,6,5,,0,945,us,672,0,12.4,mwc,206.7,-1.266,-77.306,Ecuador,South America,Ecuador
7.3,2010-08-10,7,7,,0,850,us,405,0,20.2,mwc,25,-17.541,168.069,"Port-Vila, Vanuatu",,Vanuatu
7,2010-08-04,4,6,,0,757,us,396,0,12.7,mww,44,-5.746,150.765,"Kimbe, Papua New Guinea",,Papua New Guinea
6.5,2010-08-04,5,4,,0,659,us,403,0,11.1,mwc,220,-5.486,146.822,"Madang, Papua New Guinea",,Papua New Guinea
7.6,2010-07-23,5,3,,0,902,us,340,0,15.1,mwc,578,6.497,123.48,"Bantogon, Philippines",,Philippines
7.3,2010-07-18,8,7,,0,831,us,397,0,18.2,mwc,35,-5.931,150.59,"New Britain region, Papua New Guinea",,Papua New Guinea
6.9,2010-07-18,4,7,,0,737,us,456,0,15.7,mwc,28,-5.966,150.428,"Kimbe, Papua New Guinea",,Papua New Guinea
6.6,2010-07-14,6,7,,0,753,us,295,0,52.8,mwc,22,-38.067,-73.31,"Cañete, Chile",South America,Chile
6.7,2010-06-26,5,6,,0,696,us,392,0,18.7,mwc,35,-10.627,161.447,"Kirakira, Solomon Islands",,Solomon Islands
6.6,2010-06-16,0,7,,0,670,us,309,0,25,mwc,10.5,-2.329,136.484,"Biak, Indonesia",,Indonesia
7,2010-06-16,3,7,,0,755,us,307,0,18.1,mwc,18,-2.174,136.543,"Biak, Indonesia",,Indonesia
7.5,2010-06-12,6,5,,0,1144,us,514,0,18.6,mwc,35,7.881,91.936,"Nicobar Islands, India region",,
7.2,2010-05-27,5,6,,0,804,us,327,0,11.7,mwc,31,-13.698,166.643,"Sola, Vanuatu",,Vanuatu
7.2,2010-05-09,5,6,,0,918,us,611,0,20.6,mwc,38,3.748,96.018,"Meulaboh, Indonesia",,Indonesia
6.9,2010-04-13,6,9,,0,773,us,410,0,14.9,mwc,17,33.165,96.548,"Qamdo, China",Asia,People's Republic of China
6.9,2010-04-11,4,5,,0,740,us,399,0,12.1,mwc,21,-10.878,161.116,"Kirakira, Solomon Islands",,
7.8,2010-04-06,0,7,,0,936,us,352,0,19.2,mwc,31,2.383,97.048,"Sinabang, Indonesia",,Indonesia
7.2,2010-04-04,9,9,red,0,2910,ci,10,0.5137,239,mw,9.987,32.2862,-115.295,"Delta, B.C., MX",North America,Mexico
6.6,2010-03-30,5,6,,0,701,us,413,0,16.7,mwc,34,13.667,92.831,"Bamboo Flat, India",,India
6.7,2010-03-16,5,6,,0,856,us,312,0,34.7,mwc,18,-36.217,-73.257,"Tomé, Chile",,
6.5,2010-03-14,6,5,,0,810,us,491,0,27,mwc,32,37.745,141.59,"Namie, Japan",,
7,2010-03-11,7,7,,0,874,us,403,0,17.1,mwc,18,-34.326,-71.799,"Santa Cruz, Chile",South America,Chile
6.9,2010-03-11,7,7,,0,1280,us,415,0,12.5,mwc,11,-34.29,-71.891,"Santa Cruz, Chile",South America,Chile
6.8,2010-03-05,4,6,,0,717,us,401,0,23.2,mwc,26,-3.762,100.991,"Bengkulu, Indonesia",,Indonesia
6.6,2010-03-05,7,7,,0,736,us,255,0,27.8,mwb,18,-36.665,-73.374,"Talcahuano, Chile",,Chile
6.5,2010-03-04,0,4,,0,650,us,426,0,18.7,mwb,176,-13.571,167.227,"Sola, Vanuatu",,Vanuatu
7.4,2010-02-27,0,5,,0,842,us,409,0,17.6,mwc,35,-37.773,-75.048,"Lebu, Chile",,
8.8,2010-02-27,8,8,,0,1991,official,454,0,17.8,mww,22.9,-36.122,-72.898,"Quirihue, Chile",South America,Chile
7,2010-02-26,6,6,,0,1180,us,487,0,15.7,mwc,25,25.93,128.425,"Katsuren-haebaru, Japan",,
7,2010-01-12,9,9,,0,1623,us,500,0,22.7,mwc,13,18.443,-72.571,"Léogâne, Haiti",,Haiti
6.5,2010-01-10,7,7,,0,1360,nc,51,0.3225,220,mw,28.737,40.652,-124.692,"Ferndale, California",North America,
6.8,2010-01-05,3,6,,0,713,us,338,0,15,mwc,15.4,-9.019,157.551,"Gizo, Solomon Islands",,
7.1,2010-01-03,5,7,,0,780,us,377,0,15,mwc,10,-8.783,157.354,"Gizo, Solomon Islands",,Solomon Islands
6.6,2010-01-03,5,7,,0,672,us,282,0,16.6,mwc,10,-8.726,157.487,"Gizo, Solomon Islands",,Solomon Islands
6.5,2009-11-13,6,7,,0,698,us,390,0,17.7,mwc,27,-19.394,-70.321,"Iquique, Chile",South America,Chile
7.3,2009-11-09,0,4,,0,820,us,430,0,15,mwc,595,-17.239,178.331,"Ba, Fiji",,Fiji
6.6,2009-11-08,7,6,,0,677,us,305,0,20.4,mwc,18,-8.207,118.631,"Bima, Indonesia",,Indonesia
6.8,2009-10-30,0,6,,0,711,us,424,0,21.4,mwc,34,29.218,129.782,"Naze, Japan",,
6.9,2009-10-24,4,6,,0,972,us,397,0,11,mwc,130,-6.133,130.385,"Tual, Indonesia",,Indonesia
6.8,2009-10-08,0,5,,0,711,us,174,0,30.2,mwc,35,-13.298,165.91,"Sola, Vanuatu",,
7.4,2009-10-07,0,7,,0,842,us,314,0,20.2,mwc,31.1,-13.093,166.497,"Sola, Vanuatu",,Vanuatu
7.8,2009-10-07,0,6,,0,936,us,195,0,20.3,mwc,35,-12.517,166.382,"Sola, Vanuatu",,
7.7,2009-10-07,4,7,,0,916,us,283,0,23.2,mww,45,-13.006,166.51,"Sola, Vanuatu",,Vanuatu
6.6,2009-10-01,7,7,,0,787,us,417,0,30.1,mwc,9,-2.482,101.524,"Sungai Penuh, Indonesia",,Indonesia
7.6,2009-09-30,8,8,,0,1639,us,498,0,14,mwc,81,-0.72,99.867,"Pariaman, Indonesia",,Indonesia
8.1,2009-09-29,7,6,,0,1055,us,520,0,20.8,mwc,18,-15.489,-172.095,"Matavai, Samoa",,
7,2009-09-02,7,7,,0,1175,us,312,0,16.3,mwc,46,-7.782,107.297,"Banjar, Indonesia",,Indonesia
6.7,2009-08-16,5,6,,0,753,us,369,0,14.9,mwc,20,-1.479,99.49,"Padang, Indonesia",,Indonesia
6.6,2009-08-12,4,5,,0,703,us,336,0,14.1,mwc,53,32.821,140.395,"Tateyama, Japan",,
7.5,2009-08-10,7,6,,0,1248,us,303,0,18.2,mwc,24,14.099,92.902,"Bamboo Flat, India",,
7.1,2009-08-09,5,4,,0,1005,us,447,0,14.2,mwc,292,33.167,137.944,"Oyama, Japan",,
6.9,2009-08-03,5,7,,0,1202,us,243,0,35,mwc,10,29.039,-112.903,"Bahía de Kino, Mexico",North America,Mexico
7.8,2009-07-15,6,8,,0,1165,us,434,0,16.8,mwc,12,-45.762,166.562,"Te Anau, New Zealand",,New Zealand
6.7,2009-06-23,5,5,,0,693,us,269,0,13.8,mwc,64,-5.157,153.782,"Kokopo, Papua New Guinea",,Papua New Guinea
7.3,2009-05-28,7,8,,0,1560,us,464,0,27.2,mwc,19,16.731,-86.217,"Guanaja, Honduras",,
7.6,2009-03-19,7,5,,0,916,us,504,0,14,mwc,31,-23.043,-174.66,"‘Ohonua, Tonga",,
7.2,2009-02-11,3,7,,0,802,us,432,0,18.6,mwc,20,3.886,126.387,"Sarangani, Philippines",,Indonesia
7.4,2009-01-03,7,7,,0,846,us,314,0,21.1,mwc,23,-0.691,133.305,"Manokwari, Indonesia",,Indonesia
6.6,2009-01-03,5,4,,0,765,us,344,0,22.6,mwc,204.8,36.419,70.743,"Jurm, Afghanistan",Asia,Afghanistan
7.7,2009-01-03,5,7,,0,918,us,288,0,29.8,mwc,17,-0.414,132.885,"Manokwari, Indonesia",,Indonesia
7.4,2008-11-16,9,7,,0,848,us,365,0,33.7,mww,30,1.271,122.091,"Gorontalo, Indonesia",,Indonesia
6.7,2008-10-16,5,6,,0,731,us,481,0,28.6,mwc,24,14.423,-92.364,"Brisas Barra de Suchiate, Mexico",,Mexico
6.7,2008-10-05,0,6,,0,691,us,529,0,22.3,mwc,27.4,39.533,73.824,"Nookat, Kyrgyzstan",Asia,Kyrgyzstan
6.8,2008-09-11,0,6,,0,711,us,500,0,22.2,mwc,25,41.892,143.754,"Obihiro, Japan",,
6.6,2008-09-11,0,6,,0,670,us,463,0,14.1,mwc,96,1.885,127.363,"Tobelo, Indonesia",,Indonesia
6.9,2008-09-08,0,6,,0,732,us,531,0,14.9,mwc,110,-13.501,166.967,"Sola, Vanuatu",,Vanuatu
6.7,2008-08-25,4,7,,0,692,us,325,0,28,mwc,12,30.901,83.52,"Jumla, Nepal",Asia,People's Republic of China
6.8,2008-07-23,8,7,,0,1046,us,633,0,20.2,mwc,108,39.802,141.464,"Morioka, Japan",Asia,Japan
7,2008-07-19,5,5,,0,840,us,577,0,18.2,mwc,22,37.552,142.214,"Namie, Japan",,
6.9,2008-07-19,5,5,,0,825,duputel,0,0,0,mww,25.5,37.55,142.714,"Namie, Japan",,
6.6,2008-06-27,4,5,,0,680,us,630,0,18.4,mwc,17,11.005,91.824,"Bamboo Flat, India",,
6.9,2008-06-13,7,8,,0,888,us,654,0,17.1,mwc,7.8,39.03,140.881,"Mizusawa, Japan",Asia,Japan
7.9,2008-05-12,9,9,,0,1870,us,774,0,11.3,mwc,19,31.002,103.322,"Tianpeng, China",Asia,People's Republic of China
6.9,2008-05-07,5,5,,0,910,us,519,0,21.1,mwc,27,36.164,141.526,"Hasaki, Japan",,
7.3,2008-04-09,0,6,,0,820,us,486,0,13.4,mwc,33,-20.071,168.892,"Isangel, Vanuatu",,
7.2,2008-03-20,0,7,,0,798,us,532,0,25.9,mwc,10,35.49,81.467,"Hotan, China",Asia,People's Republic of China
6.9,2008-03-03,4,5,,0,740,us,544,0,25.9,mwc,24,13.351,125.63,Philippine Islands region,,
6.7,2008-02-25,5,6,,0,696,us,543,0,15.1,mwc,25,-2.245,99.808,"Padang, Indonesia",,Indonesia
6.6,2008-02-25,4,6,,0,674,us,421,0,17.7,mwc,25,-2.332,99.891,"Padang, Indonesia",,Indonesia
7.2,2008-02-25,4,7,,0,832,us,505,0,18.4,mwc,25,-2.486,99.972,"Sungai Penuh, Indonesia",,Indonesia
6.5,2008-02-24,4,6,,0,654,us,429,0,28.3,mwc,22,-2.405,99.931,"Sungai Penuh, Indonesia",,Indonesia
7.4,2008-02-20,5,7,,0,914,us,607,0,16.4,mwc,26,2.768,95.964,"Sinabang, Indonesia",,Indonesia
6.5,2008-02-14,8,5,,0,692,us,650,0,30.7,mwc,28,36.345,21.863,"Koróni, Greece",Europe,
6.9,2008-02-14,6,6,,0,941,us,645,0,30.6,mwc,29,36.501,21.67,"Methóni, Greece",Europe,
6.5,2008-02-12,7,6,,0,723,us,521,0,27.6,mwc,83,16.357,-94.304,"General Pascual Fentes, Mexico",,Mexico
6.6,2007-12-20,7,6,,0,808,us,461,0,18.8,mwc,20,-39.011,178.291,"Gisborne, New Zealand",,
6.7,2007-12-16,5,7,,0,704,us,481,0,30.3,mwb,45,-22.954,-70.182,Ant,South America,Chile
7.4,2007-11-29,7,7,,0,1542,us,663,0,13.4,mwb,156,14.944,-61.274,"Basse-Pointe, Martinique",,Martinique
6.6,2007-11-27,3,6,,0,672,us,280,0,26.9,mwc,16,-10.95,162.149,"Kirakira, Solomon Islands",,Solomon Islands
6.5,2007-11-25,5,7,,0,653,us,272,0,27.6,mwc,18,-8.224,118.467,"Dompu, Indonesia",,Indonesia
6.5,2007-11-25,7,7,,0,657,us,353,0,27.5,mwc,20,-8.292,118.37,"Dompu, Indonesia",,Indonesia
6.8,2007-11-22,6,6,,0,722,us,341,0,15.9,mwc,53,-5.757,147.098,"Lae, Papua New Guinea",,Papua New Guinea
6.8,2007-11-16,7,6,,0,790,us,649,0,27,mwc,122.9,-2.312,-77.838,"Macas, Ecuador",South America,Ecuador
6.8,2007-11-15,6,7,,0,716,us,285,0,40.1,mwc,26,-22.925,-70.237,Ant,South America,Chile
7.7,2007-11-14,8,7,,0,995,us,610,0,22.4,mwc,40,-22.247,-69.89,"Tocopilla, Chile",South America,Chile
6.8,2007-10-24,3,5,,0,713,us,494,0,23.9,mwc,21,-3.899,101.02,"Bengkulu, Indonesia",,Indonesia
6.8,2007-10-15,4,7,,0,744,us,338,0,19,mwc,18,-44.796,167.553,"Te Anau, New Zealand",,New Zealand
6.8,2007-09-26,4,5,,0,713,us,348,0,15.5,mwc,40,-4.99,153.5,"Kokopo, Papua New Guinea",,Papua New Guinea
6.7,2007-09-20,3,5,,0,696,us,503,0,26.9,mwc,30,-1.999,100.141,"Padang, Indonesia",,Indonesia
7,2007-09-13,4,7,,0,768,us,537,0,23.1,mwc,22,-2.13,99.627,"Padang, Indonesia",,Indonesia
6.5,2007-09-13,0,5,,0,650,us,409,0,26.2,mwc,28.9,-1.689,99.668,"Kepulauan Mentawai region, Indonesia",,Indonesia
7.9,2007-09-12,8,7,,0,1133,us,446,0,29.1,mwc,35,-2.625,100.841,"Sungai Penuh, Indonesia",,Indonesia
7.8,2007-09-12,7,8,,0,1152,duputel,0,0,0,mww,40.5,-2.52,100.139,"Sungai Penuh, Indonesia",Asia,Indonesia
8.4,2007-09-12,0,6,,0,1086,official,411,0,32.3,mww,34,-4.438,101.367,"Bengkulu, Indonesia",,Indonesia
6.8,2007-09-10,5,6,,0,747,us,653,0,17.6,mwc,15,2.966,-77.963,"Timbiquí, Colombia",,Colombia
7.2,2007-09-02,0,5,,0,798,us,312,0,21.3,mwc,35,-11.61,165.762,"Lata, Solomon Islands",,
6.5,2007-08-16,5,6,,0,675,us,382,0,12.8,mwc,15,-9.834,159.465,"Malango, Solomon Islands",,
8,2007-08-15,9,8,,0,1385,us,625,0,25.7,mwc,39,-13.386,-76.603,"San Vicente de Cañete, Peru",,Peru
7.5,2007-08-08,0,5,,0,865,us,228,0,30.7,mwc,280,-5.859,107.419,"Rengasdengklok, Indonesia",,Indonesia
7.2,2007-08-01,7,7,,0,803,us,494,0,20.4,mwb,120,-15.595,167.68,"Luganville, Vanuatu",,Vanuatu
6.9,2007-07-26,3,5,,0,734,us,374,0,24.1,mwb,25,2.872,127.464,"Tobelo, Indonesia",,Indonesia
6.8,2007-07-16,5,4,,0,779,us,664,0,18.2,mwb,350.4,36.808,134.85,"Mikuni, Japan",,
6.6,2007-07-16,8,8,,0,831,us,782,0,16.7,mwc,12,37.535,138.446,"Kashiwazaki, Japan",Asia,Japan
6.7,2007-06-13,6,6,,0,972,us,468,0,37.7,mwc,23,13.554,-90.618,"Iztapa, Guatemala",,
6.9,2007-04-01,0,7,,0,732,us,305,0,15.3,mwc,10,-7.306,155.741,"Panguna, Papua New Guinea",,Solomon Islands
6.6,2007-04-01,0,7,,0,670,us,251,0,16,mb,10,-7.169,155.777,"Panguna, Papua New Guinea",,Solomon Islands
8.1,2007-04-01,9,8,,0,1025,us,439,0,14.7,mwc,24,-8.466,157.043,"Gizo, Solomon Islands",,Solomon Islands
6.7,2007-03-25,7,8,,0,782,us,493,0,23.9,mwc,8,37.336,136.588,"Nanao, Japan",Asia,Japan
7.1,2007-03-25,3,6,,0,779,us,426,0,25.3,mwb,34,-20.617,169.357,"Isangel, Vanuatu",,
6.7,2007-02-20,0,6,,0,691,us,253,0,40.3,mwc,12,-1.034,126.976,S,,Indonesia
7.5,2007-01-21,6,5,,0,874,us,570,0,21.6,mwc,22,1.065,126.282,"Ternate, Indonesia",,Indonesia
8.1,2007-01-13,4,5,,0,1034,us,606,0,14,mwc,10,46.243,154.524,the Kuril Islands,,
6.9,2006-12-26,6,7,,0,798,us,466,0,31.6,mwc,10,21.974,120.493,"Hengchun, Taiwan",Asia,Taiwan
7.1,2006-12-26,8,7,,0,1023,us,744,0,29.1,mwb,10,21.799,120.547,"Hengchun, Taiwan",Asia,Taiwan
8.3,2006-11-15,4,7,,0,1064,us,576,0,20.9,mwc,10,46.592,153.266,Kuril Islands,,
6.6,2006-11-07,0,6,,0,670,us,352,0,18.6,mwc,11,-6.482,151.195,"Kimbe, Papua New Guinea",,
6.7,2006-10-20,5,6,,0,732,us,444,0,53.4,mwc,23,-13.457,-76.677,"San Vicente de Cañete, Peru",,Peru
6.7,2006-10-17,5,6,,0,692,us,533,0,15.6,mwc,32,-5.881,150.982,"Kimbe, Papua New Guinea",,Papua New Guinea
6.7,2006-10-15,8,9,,0,1481,hv,43,0,124,md,38.182,19.877,-155.935,"Puako, Hawaii",,United States of America
6.9,2006-09-28,3,3,,0,737,us,702,0,20.9,mwc,28,-16.592,-172.033,"Hihifo, Tonga",,
6.8,2006-09-01,0,6,,0,711,us,459,0,28.4,mwb,38,-6.759,155.512,"Panguna, Papua New Guinea",,Papua New Guinea
6.5,2006-08-24,0,6,,0,650,us,700,0,47.4,mwb,43,51.148,157.522,"Ozernovskiy, Russia",Asia,Russia
6.8,2006-08-07,5,5,,0,713,us,551,0,26.2,mwb,150,-15.798,167.789,"Norsup, Vanuatu",,Vanuatu
7.7,2006-07-17,7,5,,0,947,us,357,0,36.8,mwc,20,-9.284,107.419,"Singaparna, Indonesia",,
6.5,2006-05-28,0,6,,0,650,us,477,0,20.3,mwc,34,-5.724,151.133,"Kimbe, Papua New Guinea",,Papua New Guinea
6.6,2006-05-22,0,7,,0,670,us,548,0,28,mwc,19,60.772,165.743,"Tilichiki, Russia",Asia,Russia
6.8,2006-05-16,4,5,,0,719,us,701,0,16.3,mwb,12,0.093,97.05,"Singkil, Indonesia",,
8,2006-05-03,7,7,,0,1013,us,626,0,20.7,mwc,55,-20.187,-174.123,"Pangai, Tonga",,
8,2006-05-03,8,9,,0,1026,duputel,0,0,0,mww,60.5,-19.99,-173.907,"Pangai, Tonga",,
6.5,2006-04-30,7,7,,0,653,us,282,0,46.3,mwc,12,-27.211,-71.056,"Copiapó, Chile",,Chile
6.7,2006-04-30,6,7,,0,696,us,277,0,25.6,mwb,12,-27.017,-71.022,"Copiapó, Chile",,Chile
6.6,2006-04-29,0,8,,0,670,us,645,0,28.4,mwc,11,60.491,167.516,"Tilichiki, Russia",Asia,Russia
7.6,2006-04-20,0,8,,0,889,us,579,0,18.5,mwc,22,60.949,167.089,"Tilichiki, Russia",Asia,Russia
6.5,2006-04-07,3,5,,0,654,us,247,0,25.5,mwc,14,-16.527,176.989,"Lautoka, Fiji",,
6.7,2006-03-14,0,7,,0,691,us,306,0,21.3,mwb,30.1,-3.595,127.214,"Ambon, Indonesia",,Indonesia
7,2006-02-22,5,9,,0,891,us,412,0,23.2,mwb,11,-21.324,33.583,"Chipinge, Zimbabwe",Africa,Mozambique
6.7,2006-01-08,7,6,,0,934,us,769,0,19.7,mwb,66,36.311,23.212,"Kýthira, Greece",Europe,Greece
6.6,2006-01-04,7,6,,0,703,us,323,0,48.2,mwc,14,28.164,-112.117,"Bahía de Kino, Mexico",,
6.5,2005-12-12,6,5,,0,721,us,529,0,20.5,mwb,224.6,36.357,71.093,"Ashkasham, Afghanistan",Asia,Afghanistan
6.8,2005-12-05,5,7,,0,744,us,561,0,20,mwc,22,-6.224,29.83,"Kalemie, Democratic Republic",Africa,Tanzania
6.5,2005-12-02,4,5,,0,683,us,464,0,48.8,mwc,29,38.089,142.122,"Ishinomaki, Japan",,
6.5,2005-11-19,3,6,,0,651,us,358,0,20.7,mwb,21,2.164,96.786,"Sinabang, Indonesia",,Indonesia
6.8,2005-11-17,0,6,,0,711,us,509,0,30.1,mwb,147,-22.361,-67.895,"San Pedro de Atacama, Chile",South America,Bolivia
7.6,2005-10-08,9,9,,0,1267,us,724,0,21.1,mwc,26,34.539,73.588,"Muzaffar?b?d, Pakistan",Asia,Pakistan
6.6,2005-09-29,0,6,,0,670,us,402,0,17.7,mwc,25,-5.437,151.84,"Kokopo, Papua New Guinea",,Papua New Guinea
7.5,2005-09-26,8,7,,0,1018,us,696,0,26.2,mwb,115,-5.678,-76.398,"Yurimaguas, Peru",South America,Peru
7.6,2005-09-09,5,7,,0,891,us,502,0,20,mwc,90,-4.539,153.474,"Kokopo, Papua New Guinea",,Papua New Guinea
7.2,2005-08-16,7,7,,0,1104,us,698,0,19.6,mwc,36,38.276,142.039,"Ishinomaki, Japan",,
7.2,2005-07-24,4,5,,0,808,us,636,0,26.4,mwc,16,7.92,92.19,"Nicobar Islands, India region",,
6.7,2005-07-05,3,6,,0,693,us,398,0,22.3,mwc,21,1.819,97.082,"Singkil, Indonesia",,Indonesia
6.6,2005-07-02,6,5,,0,719,us,446,0,21.1,mwc,27,11.245,-86.172,"San Juan del Sur, Nicaragua",,
7.2,2005-06-15,5,4,,0,1318,us,420,0,31.4,mwc,16,41.292,-125.953,"Big Lagoon, California",,
7.8,2005-06-13,8,7,,0,1020,us,714,0,16.1,mwb,115.6,-19.987,-69.197,"Iquique, Chile",South America,Chile
6.9,2005-05-19,5,7,,0,740,us,635,0,26,mwc,30,1.989,97.041,"Singkil, Indonesia",,Indonesia
6.7,2005-05-14,6,5,,0,731,us,695,0,20.9,mwb,34,0.587,98.459,"Padangsidempuan, Indonesia",,Indonesia
6.5,2005-04-10,3,6,,0,657,us,478,0,21.2,mwc,30,-1.714,99.779,"Padang, Indonesia",,Indonesia
6.7,2005-04-10,5,6,,0,717,us,656,0,21.2,mwc,19,-1.644,99.607,"Padang, Indonesia",,Indonesia
8.6,2005-03-28,0,8,,0,1138,official,510,0,22.1,mww,30,2.085,97.108,"Singkil, Indonesia",,Indonesia
6.6,2005-03-20,8,7,,0,805,us,401,0,22.9,mwc,10,33.807,130.131,"Maebaru-cho, Japan",Asia,Japan
7.1,2005-03-02,0,5,,0,776,us,569,0,18.1,mwb,201.7,-6.527,129.933,Banda Sea,,Indonesia
6.8,2005-02-26,0,6,,0,711,us,444,0,33.8,mwb,36,2.908,95.592,"Sinabang, Indonesia",,Indonesia
6.5,2005-02-19,0,7,,0,650,us,371,0,31.8,mwb,10,-5.562,122.129,"Katabu, Indonesia",,Indonesia
6.5,2005-02-15,3,5,,0,652,us,286,0,47.3,mwc,39.7,4.756,126.421,"Pulau-Pulau Talaud, Indonesia",,Indonesia
6.7,2005-02-08,0,4,,0,691,us,457,0,30.2,mwb,206.3,-14.252,167.259,"Sola, Vanuatu",,Vanuatu
7.1,2005-02-05,7,3,,0,782,us,640,0,26.4,mwc,525,5.293,123.337,"Palimbang, Philippines",,
6.6,2005-01-19,6,4,,0,676,us,225,0,78.5,mwc,27.8,34.064,141.491,"Katsuura, Japan",,
6.6,2004-12-26,0,5,,0,670,us,353,0,31.9,mwc,16.1,8.879,92.375,"Nicobar Islands, India region",,
7.2,2004-12-26,5,6,,0,802,us,385,0,27.9,mwc,39.2,6.91,92.958,"Sabang, Indonesia",,
9.1,2004-12-26,0,8,,0,1274,official,601,0,22,mw,30,3.295,95.982,2004 Sumatra - Andaman Islands Earthquake,,Indonesia
8.1,2004-12-23,0,5,,0,1009,us,331,0,59.3,mwc,10,-49.312,161.345,Macquarie Island,,
6.8,2004-12-14,5,6,,0,858,us,639,0,21.8,mwb,10,18.958,-81.409,"George Town, Cayman Islands",,
6.8,2004-12-06,4,7,,0,724,us,759,0,23.6,mwb,35,42.9,145.228,"Nemuro, Japan",Asia,Japan
7,2004-11-28,4,7,,0,771,us,929,0,23.9,mwb,39,43.006,145.119,"Nemuro, Japan",Asia,Japan
7.1,2004-11-26,0,7,,0,776,us,439,0,28.8,mwc,10,-3.609,135.404,"Nabire, Indonesia",,Indonesia
7.1,2004-11-22,5,5,,0,782,us,585,0,14.7,mwc,10,-46.676,164.721,"Riverton, New Zealand",,
7.2,2004-11-15,8,8,,0,820,us,708,0,50.2,mwb,15,4.695,-77.508,"Pizarro, Colombia",,Colombia
7.5,2004-11-11,5,7,,0,870,us,301,0,33.8,mwc,10,-8.152,124.868,"Maubara, Timor Leste",,Indonesia
6.7,2004-11-11,0,6,,0,691,us,233,0,21.5,mwb,10,-11.128,162.208,"Kirakira, Solomon Islands",,
6.7,2004-11-02,7,4,,0,703,us,459,0,37.3,mwb,10,49.277,-128.772,"Port McNeill, Canada",,
6.6,2004-10-23,0,8,,0,670,us,782,0,37,mwc,16,37.226,138.779,"Ojiya, Japan",Asia,Japan
6.7,2004-10-15,5,6,,0,705,us,698,0,24.7,mwb,94,24.53,122.694,"Yonakuni, Japan",,
7,2004-10-09,0,6,,0,754,us,441,0,32.2,mwc,35,11.422,-86.665,"Masachapa, Nicaragua",,
6.5,2004-10-08,5,5,,0,665,us,526,0,18.3,mwb,105,13.925,120.534,"Talisay, Philippines",,Philippines
6.8,2004-10-08,0,6,,0,711,us,545,0,15.7,mwb,36,-10.951,162.161,"Kirakira, Solomon Islands",,Solomon Islands
6.6,2004-09-06,0,4,,0,670,us,478,0,29.8,mwc,10,33.205,137.227,"Shingu, Japan",,
7.4,2004-09-05,0,5,,0,842,us,594,0,27.5,mwb,10,33.184,137.071,"Shingu, Japan",,
7.2,2004-09-05,0,5,,0,798,us,643,0,28.4,mwc,14,33.07,136.618,"Shingu, Japan",,
6.5,2004-08-28,0,7,,0,650,us,349,0,30.1,mwb,5,-35.173,-70.525,"Teno, Chile",South America,Chile
6.5,2004-07-28,0,7,,0,650,us,305,0,39,mwc,13.4,-0.443,133.091,"Manokwari, Indonesia",,Indonesia
6.9,2004-06-10,0,5,,0,732,us,798,0,31.2,mwb,188.6,55.682,160.003,"Atlasovo, Russia",Asia,Russia
6.6,2004-05-03,0,7,,0,670,us,282,0,46.9,mwb,21,-37.695,-73.406,"Cañete, Chile",South America,Chile
6.7,2004-04-23,0,5,,0,691,us,386,0,27.6,mwb,65.8,-9.362,122.839,"Naisano Dua, Indonesia",,Indonesia
6.5,2004-04-09,0,4,,0,650,us,424,0,29.9,mwb,228.4,-13.174,167.198,"Sola, Vanuatu",,Vanuatu
6.6,2004-04-05,0,4,,0,670,us,728,0,18.3,mwb,187.1,36.512,71.029,Afghanistan-Tajikistan-Pakistan region,Asia,Afghanistan
6.7,2004-02-08,0,7,,0,691,us,256,0,33.3,mwc,25.7,-3.665,135.339,"Nabire, Indonesia",,Indonesia
7.3,2004-02-07,0,7,,0,820,us,390,0,23,mwb,10,-4.003,135.023,"Papua, Indonesia",,Indonesia
7,2004-02-05,0,7,,0,754,us,367,0,33,mwc,16.6,-3.615,135.538,"Nabire, Indonesia",,Indonesia
6.7,2004-01-28,0,6,,0,691,us,243,0,42.5,mwb,17.4,-3.12,127.4,"Ambon, Indonesia",,Indonesia
7.3,2003-12-27,0,4,,0,820,us,235,0,46.6,mwc,10,-22.015,169.766,"Tadine, New Caledonia",,
6.6,2003-12-26,0,9,,0,670,us,552,0,44.8,mwc,10,28.995,58.311,"Bam, Iran",Asia,Iran
6.5,2003-12-25,0,6,,0,650,us,405,0,48.4,mwb,33,8.416,-82.824,"Progreso, Panama",,Panama
6.5,2003-12-22,7,9,,0,1390,nc,65,0.04685,71,mw,8.382,35.7005,-121.101,"San Simeon, California",North America,United States of America
6.8,2003-12-10,0,7,,0,711,us,447,0,27.7,mwb,10,23.039,121.362,"Yujing, Taiwan",Asia,Taiwan
6.6,2003-11-25,0,6,,0,670,us,384,0,25.1,mwb,35,-5.581,150.88,"Kimbe, Papua New Guinea",,Papua New Guinea
6.5,2003-11-18,0,6,,0,650,us,487,0,45.9,mwb,35,12.025,125.416,"Can-Avid, Philippines",,Philippines
6.6,2003-11-06,0,5,,0,670,us,475,0,26.2,mwb,113.7,-19.262,168.892,"Isangel, Vanuatu",,
7,2003-10-31,0,5,,0,754,us,568,0,61.2,mwb,10,37.812,142.619,"Ishinomaki, Japan",,
6.7,2003-10-08,0,6,,0,691,us,556,0,55.4,mwc,32,42.648,144.57,"Kushiro, Japan",Asia,
6.7,2003-10-01,0,7,,0,691,us,643,0,24.5,mwb,10,50.211,87.721,"Aktash, Russia",Asia,Russia
6.5,2003-09-29,0,5,,0,650,us,586,0,71.3,mwc,25,42.45,144.38,"Kushiro, Japan",,
7.3,2003-09-27,0,7,,0,820,us,667,0,24.5,mwb,16,50.038,87.813,"Aktash, Russia",Asia,Russia
7.4,2003-09-25,0,7,,0,842,us,514,0,78.8,mwc,33,41.774,143.593,"Shizunai-furukawacho, Japan",Asia,
8.16,2003-09-25,0,9,,0,1024,official,0,0,0,mww,27,41.815,143.91,"Kushiro, Japan",,
6.6,2003-09-21,0,7,,0,670,us,518,0,24.7,mwb,10,19.917,95.672,"Taungdwingyi, Myanmar",Asia,Myanmar
7.2,2003-08-21,0,7,,0,798,us,428,0,17.5,mwc,28,-45.104,167.144,"Te Anau, New Zealand",,New Zealand
7.6,2003-08-04,0,6,,0,889,us,315,0,25.2,mwc,10,-60.532,-43.411,Scotia Sea,,United Kingdom of Great Britain and Northern Ireland (the)
6.5,2003-07-15,0,6,,0,650,us,156,0,31.4,mwb,33,-3.828,152.174,"Rabaul, Papua New Guinea",,Papua New Guinea
6.8,2003-06-20,0,7,,0,711,us,398,0,39.1,mwc,33,-30.608,-71.637,"Ovalle, Chile",South America,Chile
6.9,2003-06-16,0,5,,0,732,us,733,0,26.7,mwb,174.8,55.492,159.999,"Atlasovo, Russia",Asia,Russia
6.6,2003-06-07,0,6,,0,670,us,419,0,27.8,mwc,33,-5.095,152.502,"Kokopo, Papua New Guinea",,Papua New Guinea
7,2003-05-26,0,6,,0,754,us,473,0,30.3,mwc,31,2.354,128.855,"Tobelo, Indonesia",,Indonesia
7,2003-05-26,0,7,,0,754,us,690,0,19.1,mwb,68,38.849,141.568,"Ofunato, Japan",Asia,Japan
6.8,2003-05-21,0,9,,0,711,us,534,0,19.4,mwc,12,36.964,3.634,"Dellys, Algeria",,Algeria
6.5,2003-03-25,0,7,,0,650,us,247,0,28.7,mwc,33,-8.294,120.743,"Ruteng, Indonesia",,Indonesia
6.8,2003-03-11,0,7,,0,711,us,431,0,38.4,mwc,40.2,-4.694,153.238,"Kokopo, Papua New Guinea",,Papua New Guinea
7.6,2003-01-22,0,7,,0,889,us,551,0,0,mwb,24,18.77,-104.104,"Cuyutlán, Mexico",North America,Mexico
6.5,2003-01-21,0,6,,0,650,us,316,0,0,mwc,24,13.626,-90.774,"Puerto San José, Guatemala",,
7.3,2003-01-20,0,6,,0,820,us,457,0,0,mwc,33,-10.491,160.77,"Kirakira, Solomon Islands",,
6.7,2003-01-10,0,5,,0,691,us,323,0,0,mwb,71.9,-5.311,153.701,"Kokopo, Papua New Guinea",,
6.7,2002-12-12,0,6,,0,691,us,453,0,0,mwb,34,-4.786,153.275,"New Ireland region, Papua New Guinea",,Papua New Guinea
7.9,2002-11-03,8,9,,0,1750,ak,0,0,0,mw,4.2,63.5141,-147.453,"Cantwell, Alaska",North America,United States of America
7.4,2002-11-02,0,7,,0,842,us,418,0,0,mwb,30,2.824,96.085,"Sinabang, Indonesia",,Indonesia
6.6,2002-10-23,0,7,,0,670,ak,0,0,0,mw,4.2,63.5144,-147.912,"Cantwell, Alaska",North America,United States of America
6.7,2002-10-10,0,7,,0,691,us,250,0,0,ms,10,-1.511,133.973,"Manokwari, Indonesia",,Indonesia
7.6,2002-10-10,0,7,,0,889,us,375,0,0,mwc,10,-1.757,134.297,"Manokwari, Indonesia",,Indonesia
6.5,2002-09-13,0,6,,0,650,us,646,0,0,mwc,21,13.036,93.068,"Bamboo Flat, India",,India
7.6,2002-09-08,0,7,,0,889,us,428,0,0,mwc,13,-3.302,142.945,"Aitape, Papua New Guinea",,Papua New Guinea
6.5,2002-08-14,0,4,,0,650,us,260,0,0,mwc,30,14.101,146.199,"San Jose Village, Northern Mariana Islands",,
6.5,2002-07-31,0,7,,0,650,us,533,0,0,mwc,10,7.929,-82.793,"Punta de Burica, Panama",,Panama
6.5,2002-06-22,0,8,,0,650,us,555,0,0,mwc,10,35.626,49.047,"Abhar, Iran",Asia,Iran
6.6,2002-06-18,0,7,,0,670,us,420,0,0,mwb,54,-30.805,-71.124,"Monte Patria, Chile",South America,Chile
6.7,2002-06-17,0,5,,0,691,us,272,0,0,mwc,33,-12.592,166.383,"Sola, Vanuatu",,
7.1,2002-04-26,0,7,,0,776,us,257,0,0,mwc,85.7,13.088,144.619,"Merizo Village, Guam",,United States of America
6.7,2002-04-18,0,7,,0,691,us,462,0,0,mwb,62,-27.535,-70.586,"Copiapó, Chile",South America,Chile
6.8,2002-04-18,0,6,,0,711,us,292,0,0,mwc,24.9,16.985,-100.865,"Nuxco, Mexico",North America,
7.1,2002-03-31,0,6,,0,776,us,550,0,0,mwc,32.8,24.279,122.179,"Hualien City, Taiwan",Asia,
6.5,2002-03-28,0,5,,0,650,us,486,0,0,mwc,125.1,-21.663,-68.329,"Calama, Chile",South America,Chile
7.5,2002-03-05,0,7,,0,865,us,321,0,0,mwc,31,6.033,124.249,"Mindanao, Philippines",,Philippines
7.4,2002-03-03,0,5,,0,842,us,138,0,0,mwc,225.6,36.502,70.482,"Jurm, Afghanistan",Asia,Afghanistan
6.6,2002-02-05,0,6,,0,670,us,444,0,0,mwc,39,-5.345,151.248,"Kimbe, Papua New Guinea",,Papua New Guinea
6.5,2002-02-03,0,7,,0,650,us,482,0,0,mwc,5,38.573,31.271,"Sultandagi, Turkey",Asia,Turkey
6.7,2002-01-10,0,8,,0,691,us,333,0,0,mwc,11,-3.212,142.427,"Aitape, Papua New Guinea",,Papua New Guinea
6.6,2002-01-03,0,6,,0,670,us,386,0,0,mwc,10,-17.664,168.004,"Port-Vila, Vanuatu",,Vanuatu
7.2,2002-01-02,0,6,,0,798,us,427,0,0,mwc,21,-17.6,167.856,"Port-Vila, Vanuatu",,Vanuatu
6.8,2001-12-23,0,7,,0,711,us,385,0,0,mwc,16,-9.613,159.53,"Malango, Solomon Islands",,Solomon Islands
6.8,2001-12-18,0,5,,0,711,us,499,0,0,mwc,14,23.954,122.734,"Yonakuni, Japan",,
6.5,2001-12-02,0,5,,0,650,us,605,0,0,mwc,123.8,39.402,141.089,"Hanamaki, Japan",Asia,Japan
7.8,2001-11-14,0,9,,0,936,us,368,0,0,mwc,10,35.946,90.541,"Southern Qinghai, China",Asia,People's Republic of China
7,2001-10-31,0,7,,0,754,us,254,0,0,mwc,33,-5.912,150.196,"Kimbe, Papua New Guinea",,Papua New Guinea
7.5,2001-10-19,0,6,,0,865,us,234,0,0,mwc,33,-4.102,123.907,"Kendari, Indonesia",,Indonesia
7,2001-10-12,0,6,,0,754,us,482,0,0,mwc,37,12.686,144.98,"Inarajan Village, Guam",,
6.5,2001-09-11,0,6,,0,650,us,174,0,0,mwc,33,-0.578,133.13,"Manokwari, Indonesia",,Indonesia
6.6,2001-07-28,6,6,,0,754,ak,0,0,0,mw,131.8,58.775,-154.701,"Kokhanok, Alaska",North America,United States of America
6.5,2001-07-26,0,8,,0,650,us,483,0,0,mwc,10,39.059,24.244,"Skýros, Greece",Europe,Greece
7.6,2001-07-07,0,7,,0,889,us,398,0,0,mwc,33,-17.543,-72.077,"Punta de Bombón, Peru",,Peru
6.6,2001-07-05,0,7,,0,670,us,324,0,0,mwc,62,-16.086,-73.987,"Achanizo, Peru",,Peru
6.7,2001-06-26,0,6,,0,691,us,422,0,0,mwc,24,-17.745,-71.649,"Pacocha, Peru",,Peru
8.4,2001-06-23,0,8,,0,1086,official,518,0,0,mww,33,-16.265,-73.641,"Atico, Peru",,Peru
6.7,2001-04-19,0,6,,0,691,us,282,0,0,mwc,17,-7.41,155.865,"Panguna, Papua New Guinea",,Solomon Islands
6.8,2001-03-24,0,7,,0,711,us,596,0,0,mwc,50,34.083,132.526,"Kure, Japan",Asia,Japan
6.5,2001-03-19,0,6,,0,650,us,206,0,0,mwc,33,-4.029,128.02,"Ambon, Indonesia",,Indonesia
6.8,2001-02-28,7,7,,0,1441,uw,67,0,31,md,51.798,47.149,-122.727,"Longbranch, Washington",North America,United States of America
7.1,2001-02-24,0,7,,0,776,us,426,0,0,mwc,35,1.271,126.249,"Ternate, Indonesia",,Indonesia
7.4,2001-02-13,0,6,,0,842,us,221,0,0,mwc,36,-4.68,102.562,"Bengkulu, Indonesia",,Indonesia
6.6,2001-02-13,0,8,,0,670,us,273,0,0,mwc,10,13.671,-88.938,"Cojutepeque, El Salvador",,El Salvador
7.7,2001-01-26,0,9,,0,912,us,472,0,0,mwc,16,23.419,70.232,"Bhachau, India",Asia,India
6.9,2001-01-16,0,6,,0,732,us,117,0,0,mwb,28,-4.022,101.776,"Bengkulu, Indonesia",,Indonesia
7.7,2001-01-13,0,8,,0,912,us,427,0,0,mwc,60,13.049,-88.66,"Puerto El Triunfo, El Salvador",,
6.9,2001-01-10,5,7,,0,745,ak,0,0,0,mw,36.4,56.7744,-153.281,"Old Harbor, Alaska",North America,
7.1,2001-01-09,0,7,,0,776,us,372,0,0,mwb,103,-14.928,167.17,"Port-Olry, Vanuatu",,Vanuatu
6.8,2001-01-01,0,5,,0,711,us,64,0,0,mwc,33,6.631,126.899,"Mindanao, Philippines",,
7.5,2001-01-01,0,7,,0,865,us,324,0,0,mwc,33,6.898,126.579,"Lukatan, Philippines",,Philippines
6.5,2000-12-06,0,7,,0,650,us,401,0,0,mwc,31,-4.218,152.725,"Kokopo, Papua New Guinea",,Papua New Guinea
7,2000-12-06,0,7,,0,754,us,495,0,0,mwc,30,39.566,54.799,"Balkanabat, Turkmenistan",Asia,Turkmenistan
6.5,2000-11-25,0,6,,0,650,us,268,0,0,mwc,33,40.167,49.954,"Badamdar, Azerbaijan",Asia,Azerbaijan
6.8,2000-11-25,0,6,,0,711,us,446,0,0,mwc,50.4,40.245,49.946,"Baku, Azerbaijan",Asia,Azerbaijan
6.8,2000-11-18,0,6,,0,711,us,402,0,0,mwb,33,-5.228,151.771,"Kokopo, Papua New Guinea",,Papua New Guinea
6.6,2000-11-18,0,6,,0,670,us,267,0,0,mwc,33,-5.097,153.181,"Kokopo, Papua New Guinea",,Papua New Guinea
7.8,2000-11-17,0,7,,0,936,us,346,0,0,mwc,33,-5.496,151.781,"Kokopo, Papua New Guinea",,Papua New Guinea
6.5,2000-11-16,0,6,,0,650,us,71,0,0,mb,33,-4.827,153.226,"Kokopo, Papua New Guinea",,Papua New Guinea
7.8,2000-11-16,0,7,,0,936,us,294,0,0,mwc,30,-5.233,153.102,"Kokopo, Papua New Guinea",,
8,2000-11-16,0,7,,0,985,us,254,0,0,mwc,33,-3.98,152.169,"Rabaul, Papua New Guinea",,Papua New Guinea
6.5,2000-11-08,0,7,,0,650,us,462,0,0,mwc,17,7.042,-77.829,"Juradó, Colombia",,Colombia
7,2000-10-29,0,7,,0,754,us,60,0,0,mwc,50,-4.766,153.945,"Kokopo, Papua New Guinea",,Papua New Guinea
6.8,2000-10-25,0,6,,0,711,us,415,0,0,mwc,38,-6.549,105.63,"Labuan, Indonesia",,Indonesia
6.7,2000-10-06,0,8,,0,691,us,390,0,0,mwc,10,35.456,133.134,"Matsue, Japan",Asia,Japan
7,2000-10-04,0,7,,0,754,us,357,0,0,mwc,23,-15.421,166.91,"Luganville, Vanuatu",,Vanuatu
6.5,2000-10-02,0,6,,0,650,us,415,0,0,mwb,34,-7.977,30.709,"Nkove, Tanzania",Africa,Tanzania
6.8,2000-08-28,0,6,,0,711,us,336,0,0,mwc,16,-4.11,127.394,"Ambon, Indonesia",,Indonesia
6.5,2000-08-09,0,6,,0,650,us,481,0,0,mwc,45.8,18.198,-102.48,"El Habillal, Mexico",North America,Mexico
6.8,2000-08-04,0,7,,0,711,us,593,0,0,mwc,10,48.786,142.246,"Uglegorsk, Russia",Asia,Russia
6.6,2000-08-03,0,6,,0,670,us,218,0,0,mwc,33,-12.037,166.448,"Lata, Solomon Islands",,
6.5,2000-07-30,0,7,,0,650,us,428,0,0,mwc,10,33.901,139.376,"Shimoda, Japan",,Japan
6.6,2000-07-16,0,5,,0,670,us,367,0,0,mwc,10,-7.747,150.917,"Kandrian, Papua New Guinea",,
6.5,2000-07-11,0,6,,0,650,ak,0,0,0,mw,42.9,57.3546,-154.198,"Larsen Bay, Alaska",North America,United States of America
6.5,2000-06-21,0,9,,0,650,us,351,0,0,mwc,10,63.98,-20.758,"Selfoss, Iceland",,Iceland
7.9,2000-06-18,0,5,,0,960,us,405,0,0,mwc,10,-13.802,97.453,South Indian Ocean,,
6.5,2000-06-17,0,8,,0,650,us,406,0,0,mwc,10,63.966,-20.487,"Selfoss, Iceland",,Iceland
6.7,2000-06-07,0,5,,0,691,us,352,0,0,mwc,33,-4.612,101.905,"Bengkulu, Indonesia",,Indonesia
6.7,2000-06-04,0,5,,0,691,us,147,0,0,mb,33,-4.646,102.102,"Bengkulu, Indonesia",,Indonesia
7.9,2000-06-04,0,8,,0,960,us,379,0,0,mwc,33,-4.721,102.087,"Bengkulu, Indonesia",,Indonesia
7.2,2000-05-12,0,5,,0,798,us,0,0,0,mwc,225,-23.548,-66.452,"San Antonio de los Cobres, Argentina",South America,Argentina
7.6,2000-05-04,0,7,,0,889,us,0,0,0,mwc,26,-1.105,123.573,"Luwuk, Indonesia",,Indonesia
6.6,2000-03-03,0,8,,0,670,us,0,0,0,mwc,10,-6.817,143.807,"Ialibu, Papua New Guinea",,Papua New Guinea
6.6,2000-02-06,0,6,,0,670,us,0,0,0,mwc,33,-5.844,150.876,"Kimbe, Papua New Guinea",,Papua New Guinea
6.8,2000-01-28,0,6,,0,711,us,0,0,0,mwc,61.1,43.046,146.837,"Shikotan, Russia",,
7.2,2000-01-08,0,6,,0,798,us,0,0,0,mwc,183.4,-16.925,-174.248,"Hihifo, Tonga",,
6.9,1999-12-29,0,6,,0,732,us,0,0,0,mwb,33,-10.86,165.354,"Lata, Solomon Islands",,
6.5,1999-12-21,0,6,,0,650,us,0,0,0,mwb,56,-6.845,105.555,"Labuan, Indonesia",,Indonesia
7.3,1999-12-11,0,7,,0,820,us,0,0,0,mwc,33,15.766,119.74,"Bolitoc, Philippines",,Philippines
7,1999-12-06,0,7,,0,754,ak,0,0,0,mw,43.6,57.3424,-154.347,"Karluk, Alaska",North America,United States of America
6.6,1999-11-30,0,5,,0,670,us,0,0,0,mwb,128.1,-18.901,-69.171,"Arica, Chile",South America,Chile
7.5,1999-11-26,0,7,,0,865,us,0,0,0,mwc,33,-16.423,168.214,"Lakatoro, Vanuatu",,Vanuatu
7,1999-11-19,0,6,,0,754,us,0,0,0,mwc,33,-6.351,148.763,"Kandrian, Papua New Guinea",,Papua New Guinea
6.9,1999-11-17,0,6,,0,732,us,0,0,0,mwc,47.5,-5.978,148.82,"Kandrian, Papua New Guinea",,Papua New Guinea
7.2,1999-11-12,0,9,,0,798,us,0,0,0,mwc,10,40.758,31.161,"Düzce, Turkey",Asia,Turkey
6.5,1999-11-08,0,4,,0,650,us,0,0,0,mwc,228.4,36.522,71.24,"Ashkasham, Afghanistan",Asia,Afghanistan
7.1,1999-10-16,8,8,,0,1576,ci,73,0,57,mw,13.73,34.6033,-116.265,"Hector Mine, CA Earthquake",North America,United States of America
7.5,1999-09-30,0,8,,0,865,us,0,0,0,mwc,60.6,16.059,-96.931,"San Baltazar Loxicha, Mexico",North America,Mexico
6.5,1999-09-25,0,7,,0,650,us,0,0,0,mwc,17,23.738,121.158,"Puli, Taiwan",Asia,Taiwan
7.7,1999-09-20,0,9,,0,912,us,0,0,0,mwc,33,23.772,120.982,"Puli, Taiwan",Asia,Taiwan
6.6,1999-08-22,0,6,,0,670,us,0,0,0,mwc,33,-16.117,168.039,"Lakatoro, Vanuatu",,Vanuatu
6.9,1999-08-20,0,6,,0,732,us,0,0,0,mwc,20,9.044,-84.159,"Quepos, Costa Rica",,
7.6,1999-08-17,0,9,,0,889,us,0,0,0,mwc,17,40.748,29.864,"Derince, Turkey",Asia,Turkey
6.7,1999-07-11,0,8,,0,691,us,0,0,0,mwc,10,15.782,-88.33,"Potrerillos, Honduras",,Guatemala
7,1999-06-15,0,7,,0,754,us,0,0,0,mwc,70,18.386,-97.436,"Texcala, Mexico",North America,Mexico
6.6,1999-05-17,0,5,,0,670,us,0,0,0,mwc,27,-5.165,152.877,"Kokopo, Papua New Guinea",,Papua New Guinea
7.1,1999-05-16,0,7,,0,776,us,0,0,0,mwc,73.7,-4.751,152.486,"Kokopo, Papua New Guinea",,Papua New Guinea
7.1,1999-05-10,0,7,,0,776,us,0,0,0,mwb,138,-5.159,150.88,"Kimbe, Papua New Guinea",,Papua New Guinea
6.8,1999-04-13,0,5,,0,711,us,0,0,0,mwc,164.2,-21.422,-176.46,"Haveluloto, Tonga",,
7.4,1999-04-05,0,7,,0,842,us,0,0,0,mwc,150,-5.591,149.568,"Kimbe, Papua New Guinea",,Papua New Guinea
6.8,1999-04-03,0,7,,0,711,us,0,0,0,mwc,87.2,-16.66,-72.662,"Camaná, Peru",South America,Peru
6.6,1999-03-28,0,7,,0,670,us,0,0,0,mwb,15,30.512,79.403,"Pipalkoti, India",Asia,India
6.9,1999-03-20,0,6,,0,732,us,0,0,0,mwc,33,51.587,-177.668,"Adak, Alaska",North America,United States of America
6.9,1999-03-08,0,5,,0,732,us,0,0,0,mwc,56.6,52.056,159.52,"Vilyuchinsk, Russia",,
7.1,1999-03-04,0,6,,0,776,us,0,0,0,mwc,33,5.397,121.937,"Tabiauan, Philippines",,
6.6,1999-03-04,0,7,,0,670,us,0,0,0,mwc,33,28.343,57.193,"Koh Sefid, Iran",Asia,Iran
7.3,1999-02-06,0,7,,0,820,us,0,0,0,mwc,90.1,-12.853,166.697,"Sola, Vanuatu",,
6.6,1999-01-28,0,6,,0,670,us,0,0,0,mwc,67.2,52.886,-169.123,"Nikolski, Alaska",North America,United States of America
7,1999-01-19,0,7,,0,754,us,0,0,0,mwc,114.1,-4.596,153.235,"Kokopo, Papua New Guinea",,Papua New Guinea
6.8,1998-12-27,0,5,,0,711,us,0,0,0,mwc,144.3,-21.632,-176.376,"Haveluloto, Tonga",,
7.7,1998-11-29,0,7,,0,912,us,0,0,0,mwc,33,-2.071,124.891,"Luwuk, Indonesia",,Indonesia
7,1998-11-09,0,7,,0,754,us,0,0,0,mwc,33,-6.92,128.946,"Lospalos, Timor Leste",,Indonesia
6.7,1998-11-09,0,6,,0,691,us,0,0,0,mwc,33,-6.954,129.022,"Lospalos, Timor Leste",,Indonesia
6.6,1998-09-28,0,5,,0,670,us,0,0,0,mwb,151.6,-8.194,112.413,"Sumberpucung, Indonesia",,Indonesia
6.6,1998-09-03,0,6,,0,670,us,0,0,0,mwc,27,-29.45,-71.715,"Coquimbo, Chile",,Chile
6.8,1998-09-02,0,5,,0,711,us,0,0,0,mwc,50,5.41,126.764,"Pondaguitan, Philippines",,Indonesia
7.2,1998-08-04,0,7,,0,798,us,0,0,0,mwc,33,-0.593,-80.393,"Bahía de Caráquez, Ecuador",South America,Ecuador
6.7,1998-07-29,0,6,,0,691,us,0,0,0,mwc,33,-2.693,138.901,"Abepura, Indonesia",,Indonesia
7,1998-07-17,0,7,,0,754,us,0,0,0,mwc,10,-2.961,141.926,"Aitape, Papua New Guinea",,Papua New Guinea
7,1998-07-16,0,7,,0,754,us,0,0,0,mwc,110.2,-11.04,166.16,"Lata, Solomon Islands",,Solomon Islands
6.6,1998-05-30,0,6,,0,670,us,0,0,0,mwb,33,37.106,70.11,"Rustaq, Afghanistan",Asia,Afghanistan
6.6,1998-05-22,0,8,,0,670,us,0,0,0,mwb,24,-17.731,-65.431,"Mizque, Bolivia",South America,Bolivia
6.7,1998-05-21,0,6,,0,691,us,0,0,0,mwb,33,0.207,119.584,"Palu, Indonesia",,Indonesia
6.6,1998-05-13,0,6,,0,670,us,0,0,0,mwc,61.4,-5.147,151.714,"Kokopo, Papua New Guinea",,Papua New Guinea
7.5,1998-05-03,0,5,,0,865,us,0,0,0,mwb,33,22.306,125.308,"Ishigaki, Japan",,
6.6,1998-04-03,0,5,,0,670,us,0,0,0,mwc,164.6,-8.148,-74.238,"San Fernando, Peru",South America,Peru
7,1998-04-01,0,6,,0,754,us,0,0,0,mwc,55.7,-0.544,99.261,"Pariaman, Indonesia",,Indonesia
6.6,1998-03-14,0,8,,0,670,us,0,0,0,mwc,9,30.154,57.605,"Kerman, Iran",Asia,Iran
7.1,1998-01-30,0,7,,0,776,us,0,0,0,mwc,42,-23.913,-70.207,Ant,South America,Chile
6.7,1998-01-12,0,6,,0,691,us,0,0,0,mwc,23.4,-15.848,-179.376,"Labasa, Fiji",,Fiji
6.6,1998-01-12,0,7,,0,670,us,0,0,0,mwc,34.8,-30.985,-71.41,"Ovalle, Chile",South America,Chile
6.6,1998-01-10,0,6,,0,670,us,0,0,0,mwc,33,14.374,-91.473,"San José El Ídolo, Guatemala",,Guatemala
7.2,1997-12-22,0,6,,0,798,us,0,0,0,mwc,179.3,-5.495,147.867,"Finschhafen, Papua New Guinea",,Papua New Guinea
7.8,1997-12-05,0,7,,0,936,us,0,0,0,mwc,33,54.841,162.035,"Ust’-Kamchatsk Staryy, Russia",Asia,Russia
7,1997-11-25,0,6,,0,754,us,0,0,0,mwc,24,1.241,122.536,"Gorontalo, Indonesia",,Indonesia
6.6,1997-11-18,0,7,,0,670,us,0,0,0,mwc,33,37.57,20.656,"Lithakiá, Greece",Europe,
7,1997-11-15,0,6,,0,754,us,0,0,0,mwc,123.1,-15.145,167.375,"Port-Olry, Vanuatu",,Vanuatu
6.5,1997-11-09,0,4,,0,650,us,0,0,0,mwb,176.4,13.849,-88.808,"San Sebastián, El Salvador",,El Salvador
7.5,1997-11-08,0,7,,0,865,us,0,0,0,mwc,33,35.069,87.325,western Xizang,Asia,People's Republic of China
7.2,1997-10-28,0,7,,0,798,us,0,0,0,mwc,112,-4.368,-76.681,"Barranca, Peru",South America,Peru
7.1,1997-10-15,0,7,,0,776,us,0,0,0,mwc,58,-30.933,-71.22,"Monte Patria, Chile",South America,Chile
7.8,1997-10-14,0,7,,0,936,us,0,0,0,mwb,167.3,-22.101,-176.772,"Haveluloto, Tonga",,
6.5,1997-10-06,0,5,,0,650,us,0,0,0,mwb,105.6,9.79,125.779,"Talisay, Philippines",,Philippines
6.8,1997-09-02,0,5,,0,711,us,0,0,0,mwb,198.7,3.849,-75.749,"Roncesvalles, Colombia",South America,Colombia
6.6,1997-08-29,0,6,,0,670,us,0,0,0,mwc,22.8,-3.562,144.362,"Angoram, Papua New Guinea",,Papua New Guinea
6.9,1997-07-19,0,6,,0,732,us,0,0,0,mwb,33,16.333,-98.216,"El Ciruelo, Mexico",North America,Mexico
7,1997-07-09,0,8,,0,754,us,0,0,0,mwc,19.9,10.598,-63.486,"Carúpano, Venezuela",,Venezuela
6.8,1997-07-06,0,6,,0,711,us,0,0,0,mwc,19,-30.058,-71.872,"Coquimbo, Chile",,
6.5,1997-05-22,0,6,,0,650,us,0,0,0,mwc,70,18.684,-101.604,"Churumuco de Morelos, Mexico",North America,Mexico
6.8,1997-05-21,0,6,,0,711,us,0,0,0,mwc,57,-20.438,169.287,"Isangel, Vanuatu",,
6.5,1997-05-13,0,4,,0,650,us,0,0,0,mwb,196,36.411,70.945,"Jurm, Afghanistan",Asia,Afghanistan
7.3,1997-05-10,0,9,,0,820,us,0,0,0,mwb,10,33.825,59.809,"Qa'en, Iran",Asia,Iran
6.5,1997-04-23,0,6,,0,650,us,0,0,0,mwc,100.8,13.986,144.901,"Yigo Village, Guam",,
6.7,1997-04-22,0,7,,0,691,us,0,0,0,mwb,5,11.112,-60.892,"Scarborough, Trinidad and Tobago",,Trinidad and Tobago
7.7,1997-04-21,0,6,,0,912,us,0,0,0,mwc,33,-12.584,166.676,"Sola, Vanuatu",,
6.5,1997-04-05,0,6,,0,650,us,0,0,0,mwc,69.1,-6.485,147.408,"Finschhafen, Papua New Guinea",,Papua New Guinea
6.9,1997-03-11,0,5,,0,732,us,0,0,0,mwb,10,7.742,127.647,"Kinablangan, Philippines",,
7.1,1997-02-27,0,6,,0,776,us,0,0,0,mwc,33,29.976,68.208,"Harnai, Pakistan",Asia,Pakistan
6.5,1997-02-04,0,8,,0,650,us,0,0,0,mwc,10,37.661,57.291,Turkmenistan-Iran border region,Asia,Iran
7.2,1997-01-11,0,7,,0,798,us,0,0,0,mwb,33,18.219,-102.756,"El Habillal, Mexico",North America,Mexico
6.5,1996-12-22,0,4,,0,650,us,0,0,0,mwc,226.5,43.207,138.92,"Iwanai, Japan",,
6.7,1996-12-02,0,6,,0,691,us,0,0,0,mwc,49.2,31.789,131.314,"Miyazaki, Japan",Asia,Japan
6.9,1996-11-19,0,7,,0,732,us,0,0,0,mwc,33,35.345,78.133,"Thang, India",Asia,People's Republic of China
7.7,1996-11-12,0,7,,0,912,us,0,0,0,mwc,33,-14.993,-75.675,"Changuillo, Peru",,Peru
6.7,1996-10-19,0,7,,0,691,us,0,0,0,mwc,22,31.885,131.468,"Miyazaki, Japan",Asia,Japan
6.6,1996-10-18,0,7,,0,670,us,0,0,0,mwc,10,30.568,131.093,"Nishinoomote, Japan",Asia,Japan
6.8,1996-10-14,0,6,,0,711,us,0,0,0,mwc,24,-7.133,155.568,"Panguna, Papua New Guinea",,Solomon Islands
6.8,1996-10-09,0,6,,0,711,us,0,0,0,mwc,33,34.556,32.126,"Paphos, Cyprus",Asia,
6.6,1996-09-20,0,6,,0,670,us,0,0,0,mwc,33,9.454,126.334,"Cortes, Philippines",,Philippines
6.6,1996-09-20,0,6,,0,670,us,0,0,0,mwc,33,9.463,126.284,"Cortes, Philippines",,Philippines
6.8,1996-09-05,0,6,,0,711,us,0,0,0,mwc,20,21.898,121.498,"Hengchun, Taiwan",,Taiwan
6.9,1996-08-02,0,6,,0,732,us,0,0,0,mwc,33,-10.769,161.445,"Kirakira, Solomon Islands",,Solomon Islands
7,1996-07-22,0,6,,0,754,us,0,0,0,mwc,33,1,120.45,"Palu, Indonesia",,Indonesia
6.6,1996-07-16,0,6,,0,670,us,0,0,0,mwb,33,1.016,120.254,"Palu, Indonesia",,Indonesia
6.8,1996-07-15,0,6,,0,711,us,0,0,0,mwb,18.3,17.6,-100.965,"Coyuquilla Norte, Mexico",North America,Mexico
7.9,1996-06-17,0,4,,0,960,us,0,0,0,mwc,587.3,-7.137,122.589,"Maumere, Indonesia",,Indonesia
7.1,1996-06-11,0,6,,0,776,us,0,0,0,mwc,33,12.614,125.154,"Palapag, Philippines",,Philippines
7.3,1996-06-10,0,7,,0,820,us,0,0,0,mwc,26.3,51.478,-176.847,"Adak, Alaska",North America,United States of America
7.9,1996-06-10,0,7,,0,960,us,0,0,0,mwc,33,51.564,-177.632,"Adak, Alaska",North America,United States of America
6.7,1996-06-10,0,4,,0,691,us,0,0,0,mwc,200.1,-13.481,167.13,"Sola, Vanuatu",,Vanuatu
7.2,1996-04-29,0,6,,0,798,us,0,0,0,mwc,44,-6.518,154.999,"Panguna, Papua New Guinea",,Papua New Guinea
6.6,1996-04-19,0,7,,0,670,us,0,0,0,mwb,49.5,-23.944,-70.093,Ant,South America,Chile
6.7,1996-03-17,0,5,,0,691,us,0,0,0,mwc,164.4,-14.705,167.297,"Port-Olry, Vanuatu",,Vanuatu
6.7,1996-03-03,0,6,,0,691,us,0,0,0,mwc,33,11.905,-86.772,"Villa El Carmen, Nicaragua",,Nicaragua
6.6,1996-03-03,0,6,,0,670,us,0,0,0,mwc,33,11.657,-86.856,"Masachapa, Nicaragua",,
7.1,1996-02-25,0,7,,0,776,us,0,0,0,mw,21.1,15.978,-98.07,"Santa María Chico Ometepec, Mexico",North America,Mexico
7.5,1996-02-21,0,6,,0,865,us,0,0,0,mw,10,-9.593,-79.587,"Puerto Santa, Peru",,Peru
6.5,1996-02-17,0,6,,0,650,us,0,0,0,mw,31.9,-0.917,136.225,"Biak, Indonesia",,Indonesia
6.5,1996-02-17,0,6,,0,650,us,0,0,0,mw,19.2,-0.567,135.84,"Insrom, Indonesia",,Indonesia
8.09,1996-02-17,0,8,,0,1007,official,0,0,0,mww,33,-0.891,136.952,"Biak, Indonesia",,
6.7,1996-02-16,0,4,,0,691,us,0,0,0,mw,40.8,37.353,142.38,"Namie, Japan",,
7.2,1996-02-07,0,6,,0,798,us,0,0,0,mw,42.6,45.324,149.892,"Kuril’sk, Russia",,
6.6,1996-02-03,0,10,,0,670,us,0,0,0,mw,11.1,27.291,100.276,"Lijiang, China",Asia,People's Republic of China
6.6,1996-01-01,0,7,,0,670,us,0,0,0,ms,33,53.826,159.586,"Yelizovo, Russia",Asia,Russia
7.9,1996-01-01,0,8,,0,960,us,0,0,0,mw,24,0.729,119.931,"Palu, Indonesia",,Indonesia
7.1,1995-12-25,0,6,,0,776,us,0,0,0,mw,141.9,-6.903,129.151,"Lospalos, Timor Leste",,Indonesia
6.5,1995-12-19,0,6,,0,650,us,0,0,0,mwb,63.4,-3.703,140.233,"Abepura, Indonesia",,Indonesia
7.9,1995-12-03,0,6,,0,960,us,0,0,0,mw,33,44.663,149.3,"Kuril’sk, Russia",,
7.2,1995-11-22,0,9,,0,798,us,0,0,0,mw,10,28.826,34.799,"Nuwaybi‘a, Egypt",Asia,Saudi Arabia
6.7,1995-11-01,0,7,,0,691,us,0,0,0,mw,19.9,-28.906,-71.417,"Vallenar, Chile",,Chile
7.2,1995-10-21,0,6,,0,798,us,0,0,0,mw,159.3,16.84,-93.469,"Ocozocoautla de Espinosa, Mexico",,Mexico
6.8,1995-10-19,0,6,,0,711,us,0,0,0,mw,19.7,28.094,130.148,"Naze, Japan",,
7.1,1995-10-18,0,6,,0,776,us,0,0,0,mw,28.4,27.929,130.175,"Naze, Japan",,
8,1995-10-09,0,8,,0,985,us,0,0,0,mw,33,19.055,-104.205,"El Colomo, Mexico",North America,Mexico
6.8,1995-10-06,0,7,,0,711,us,0,0,0,mw,33,-2.045,101.436,"Sungai Penuh, Indonesia",,Indonesia
6.5,1995-10-03,0,7,,0,650,us,0,0,0,mw,16.7,-2.778,-77.851,"Sucúa, Ecuador",South America,Ecuador
7,1995-10-03,0,7,,0,754,us,0,0,0,mw,24.4,-2.75,-77.881,"Sucúa, Ecuador",South America,Ecuador
6.5,1995-09-23,0,5,,0,650,us,0,0,0,mwb,59.9,-10.68,-78.581,"Paramonga, Peru",,Peru
7.4,1995-09-14,0,7,,0,842,us,0,0,0,mwb,23,16.779,-98.597,"Azoyú, Mexico",North America,Mexico
6.6,1995-08-28,0,5,,0,670,us,0,0,0,mwb,12.2,26.092,-110.284,"Etchoropo, Mexico",,
6.6,1995-08-19,0,6,,0,670,us,0,0,0,mw,119.6,5.139,-75.577,"Neira, Colombia",South America,Colombia
7.2,1995-08-16,0,6,,0,798,us,0,0,0,mw,33,-5.771,154.347,"Panguna, Papua New Guinea",,
6.6,1995-08-16,0,4,,0,670,us,0,0,0,mw,18.7,-5.429,153.773,"Kokopo, Papua New Guinea",,
7.7,1995-08-16,0,6,,0,912,us,0,0,0,mw,30.1,-5.799,154.178,"Panguna, Papua New Guinea",,
6.7,1995-08-14,0,6,,0,691,us,0,0,0,mw,127.9,-4.836,151.515,"Kokopo, Papua New Guinea",,Papua New Guinea
8,1995-07-30,0,8,,0,985,us,0,0,0,mw,45.6,-23.34,-70.294,Ant,South America,Chile
6.8,1995-07-11,0,8,,0,711,us,0,0,0,mw,12.5,21.966,99.196,"Jinghong, China",Asia,Myanmar
6.6,1995-06-29,0,5,,0,670,us,0,0,0,mw,139.4,-19.544,169.287,"Isangel, Vanuatu",,Vanuatu
6.5,1995-06-15,0,7,,0,650,us,0,0,0,mw,14.2,38.401,22.283,"Galaxídhion, Greece",Europe,Greece
7.1,1995-05-27,0,9,,0,776,us,0,0,0,mwb,11,52.629,142.827,"Tungor, Russia",Asia,Russia
7.7,1995-05-16,0,4,,0,912,us,0,0,0,mw,20.2,-23.008,169.9,"Vao, New Caledonia",,
6.9,1995-05-14,0,6,,0,732,us,0,0,0,mw,11.2,-8.378,125.127,"Maubara, Timor Leste",,Indonesia
6.6,1995-05-13,0,9,,0,670,us,0,0,0,mw,14,40.149,21.695,"Aianí, Greece",Europe,Greece
7.1,1995-05-05,0,7,,0,776,us,0,0,0,mw,16,12.626,125.297,"Cabatuan, Philippines",,Philippines